Ricness,PD,AvTD,EDGE
0,0,0,0
0,0,0,0
0,0,0,0
0,0,0,0
0,0,0,0
0,0,0,0
0,0,0,0
0,0,0,0
0,0,0,0
0,0,0,0
0,0,0,0
0,0,0,0
0,0,0,0
0,0,0,0
0,0,0,0
0,0,0,0
0,0,0,0
0,0,0,0
0,0,0,0
0,0,0,0
0,0,0,0
0,0,0,0
0,0,0,0
0,0,0,0
0,0,0,0
0,0,0,0
0,0,0,0
0,0,0,0
0,0,0,0
0,0,0,0
0,0,0,0
0,0,0,0
0,0,0,0
0,0,0,0
0,0,0,0
0,0,0,0
0,0,0,0
0,0,0,0
0,0,0,0
0,0,0,0
0,0,0,0
0,0,0,0
0,0,0,0
0,0,0,0
0,0,0,0
0,0,0,0
0,0,0,0
0,0,0,0
0,0,0,0
0,0,0,0
0,0,0,0
0,0,0,0
0,0,0,0
0,0,0,0
0,0,0,0
0,0,0,0
0,0,0,0
0,0,0,0
0,0,0,0
0,0,0,0
0,0,0,0
0,0,0,0
0,0,0,0
0,0,0,0
0,0,0,0
0,0,0,0
0,0,0,0
0,0,0,0
0,0,0,0
0,0,0,0
0,0,0,0
0,0,0,0
0,0,0,0
0,0,0,0
0,0,0,0
0,0,0,0
0,0,0,0
0,0,0,0
0,0,0,0
0,0,0,0
0,0,0,0
0,0,0,0
0,0,0,0
0,0,0,0
0,0,0,0
0,0,0,0
0,0,0,0
0,0,0,0
0,0,0,0
0,0,0,0
0,0,0,0
0,0,0,0
0,0,0,0
0,0,0,0
0,0,0,0
0,0,0,0
0,0,0,0
0,0,0,0
0,0,0,0
0,0,0,0
0,0,0,0
0,0,0,0
0,0,0,0
0,0,0,0
0,0,0,0
0,0,0,0
0,0,0,0
0,0,0,0
0,0,0,0
0,0,0,0
0,0,0,0
0,0,0,0
0,0,0,0
0,0,0,0
0,0,0,0
0,0,0,0
0,0,0,0
0,0,0,0
0,0,0,0
0,0,0,0
0,0,0,0
0,0,0,0
0,0,0,0
0,0,0,0
0,0,0,0
0,0,0,0
0,0,0,0
0,0,0,0
0,0,0,0
0,0,0,0
0,0,0,0
0,0,0,0
0,0,0,0
0,0,0,0
0,0,0,0
0,0,0,0
0,0,0,0
0,0,0,0
0,0,0,0
0,0,0,0
0,0,0,0
0,0,0,0
0,0,0,0
0,0,0,0
0,0,0,0
0,0,0,0
0,0,0,0
0,0,0,0
0,0,0,0
0,0,0,0
0,0,0,0
0,0,0,0
0,0,0,0
0,0,0,0
0,0,0,0
0,0,0,0
0,0,0,0
0,0,0,0
0,0,0,0
0,0,0,0
0,0,0,0
0,0,0,0
3,0.699914225,0.3186396,2.98116735146072
0,0,0,0
0,0,0,0
0,0,0,0
0,0,0,0
0,0,0,0
0,0,0,0
0,0,0,0
0,0,0,0
0,0,0,0
0,0,0,0
0,0,0,0
0,0,0,0
0,0,0,0
0,0,0,0
0,0,0,0
0,0,0,0
0,0,0,0
0,0,0,0
0,0,0,0
0,0,0,0
0,0,0,0
0,0,0,0
0,0,0,0
0,0,0,0
0,0,0,0
0,0,0,0
0,0,0,0
0,0,0,0
0,0,0,0
0,0,0,0
0,0,0,0
0,0,0,0
0,0,0,0
0,0,0,0
0,0,0,0
0,0,0,0
0,0,0,0
0,0,0,0
0,0,0,0
0,0,0,0
0,0,0,0
0,0,0,0
0,0,0,0
0,0,0,0
0,0,0,0
0,0,0,0
0,0,0,0
0,0,0,0
0,0,0,0
0,0,0,0
0,0,0,0
0,0,0,0
0,0,0,0
0,0,0,0
0,0,0,0
0,0,0,0
0,0,0,0
0,0,0,0
0,0,0,0
0,0,0,0
0,0,0,0
0,0,0,0
0,0,0,0
0,0,0,0
0,0,0,0
0,0,0,0
0,0,0,0
0,0,0,0
0,0,0,0
0,0,0,0
0,0,0,0
0,0,0,0
0,0,0,0
0,0,0,0
0,0,0,0
0,0,0,0
0,0,0,0
0,0,0,0
0,0,0,0
0,0,0,0
0,0,0,0
0,0,0,0
0,0,0,0
0,0,0,0
0,0,0,0
0,0,0,0
0,0,0,0
0,0,0,0
0,0,0,0
0,0,0,0
0,0,0,0
0,0,0,0
0,0,0,0
0,0,0,0
0,0,0,0
0,0,0,0
0,0,0,0
0,0,0,0
0,0,0,0
0,0,0,0
0,0,0,0
0,0,0,0
0,0,0,0
0,0,0,0
0,0,0,0
0,0,0,0
0,0,0,0
0,0,0,0
0,0,0,0
0,0,0,0
0,0,0,0
0,0,0,0
3,0.48815525,0.87779023,3.10723519785794
7,1.068332625,1.56907378,6.77326501753608
0,0,0,0
2,0.325770955,0.40547944,2.23644425919274
1,0.12313004,0.20932813,1.06039782039397
0,0,0,0
0,0,0,0
0,0,0,0
0,0,0,0
9,2.987695745,3.75144066,9.0208981334187
0,0,0,0
0,0,0,0
0,0,0,0
0,0,0,0
0,0,0,0
0,0,0,0
0,0,0,0
0,0,0,0
0,0,0,0
0,0,0,0
0,0,0,0
0,0,0,0
0,0,0,0
0,0,0,0
0,0,0,0
0,0,0,0
0,0,0,0
0,0,0,0
0,0,0,0
0,0,0,0
0,0,0,0
0,0,0,0
0,0,0,0
0,0,0,0
0,0,0,0
0,0,0,0
0,0,0,0
0,0,0,0
0,0,0,0
0,0,0,0
0,0,0,0
0,0,0,0
0,0,0,0
0,0,0,0
0,0,0,0
0,0,0,0
0,0,0,0
0,0,0,0
0,0,0,0
0,0,0,0
0,0,0,0
0,0,0,0
0,0,0,0
0,0,0,0
0,0,0,0
0,0,0,0
0,0,0,0
16,3.97054559,5.49000256,18.6094308524228
7,1.76030406,2.59424714,7.6428983998943
4,1.423721615,2.015312,4.45105549760219
0,0,0,0
7,3.08538638,3.82609785,6.57741740128746
0,0,0,0
0,0,0,0
0,0,0,0
0,0,0,0
0,0,0,0
0,0,0,0
1,0.12313004,0.20932813,1.06039782039397
6,1.04912528999991,1.59591989000009,6.74564487427776
12,2.51988965999991,3.64523018000009,12.9542365291453
0,0,0,0
0,0,0,0
0,0,0,0
0,0,0,0
0,0,0,0
0,0,0,0
0,0,0,0
0,0,0,0
0,0,0,0
0,0,0,0
0,0,0,0
0,0,0,0
0,0,0,0
0,0,0,0
0,0,0,0
0,0,0,0
0,0,0,0
0,0,0,0
0,0,0,0
0,0,0,0
0,0,0,0
0,0,0,0
0,0,0,0
0,0,0,0
0,0,0,0
0,0,0,0
0,0,0,0
0,0,0,0
0,0,0,0
0,0,0,0
0,0,0,0
0,0,0,0
0,0,0,0
0,0,0,0
0,0,0,0
0,0,0,0
0,0,0,0
0,0,0,0
0,0,0,0
0,0,0,0
19,4.0954588,4.13474531666667,20.1963397726529
7,0.83125224,1.1081121,8.71884628654812
7,1.84986367,2.52733425,10.255595367641
10,2.383301745,3.13346767,12.5808198879219
2,0.047853335,0.02780108,2.06525513866748
0,0,0,0
0,0,0,0
0,0,0,0
0,0,0,0
0,0,0,0
0,0,0,0
0,0,0,0
0,0,0,0
15,2.608862655,3.62648596666667,17.4888743685195
2,0.163549055,0.25837923,2.390209745461
2,1.148772685,0.9150312,1.71884515227032
0,0,0,0
0,0,0,0
0,0,0,0
0,0,0,0
0,0,0,0
0,0,0,0
0,0,0,0
0,0,0,0
0,0,0,0
0,0,0,0
0,0,0,0
0,0,0,0
0,0,0,0
0,0,0,0
0,0,0,0
0,0,0,0
0,0,0,0
0,0,0,0
0,0,0,0
0,0,0,0
0,0,0,0
0,0,0,0
0,0,0,0
0,0,0,0
0,0,0,0
0,0,0,0
0,0,0,0
0,0,0,0
0,0,0,0
0,0,0,0
0,0,0,0
0,0,0,0
0,0,0,0
0,0,0,0
0,0,0,0
22,5.078151905,4.63640115,25.5311429289611
5,0.52809731,0.38276977,5.45099511368433
0,0,0,0
0,0,0,0
0,0,0,0
7,2.72882537,1.52463197,6.01324352403524
13,3.125980785,2.20134706166667,14.8106472880688
4,2.51585582,2.67231837,6.21500684157087
0,0,0,0
8,1.44835094,2.3040973,10.4099779192719
10,1.26352738,1.88417837,12.5170085444064
34,8.80479819,6.86340244,39.8445522000437
18,4.60839465499991,4.76207984000009,20.2886219238528
0,0,0,0
0,0,0,0
0,0,0,0
0,0,0,0
0,0,0,0
0,0,0,0
0,0,0,0
0,0,0,0
0,0,0,0
0,0,0,0
0,0,0,0
0,0,0,0
0,0,0,0
0,0,0,0
0,0,0,0
0,0,0,0
0,0,0,0
0,0,0,0
0,0,0,0
0,0,0,0
0,0,0,0
0,0,0,0
0,0,0,0
0,0,0,0
0,0,0,0
0,0,0,0
0,0,0,0
0,0,0,0
0,0,0,0
0,0,0,0
0,0,0,0
0,0,0,0
6,0.680200075,0.5390865,6.47857851588745
40,8.828017765,8.26513929866666,40.2117972941952
23,5.428352045,4.25650792666667,27.6774161586955
0,0,0,0
3,0.16225035,0.17123388,2.94953293853867
0,0,0,0
4,0.54351472,0.2409651,5.07758448332306
4,0.2795071,0.37226123,5.95441430064982
2,0.33871184,0.44083368,1.95706535715244
2,0.257748875,0.33238533,2.17266660588772
0,0,0,0
0,0,0,0
0,0,0,0
0,0,0,0
0,0,0,0
0,0,0,0
0,0,0,0
0,0,0,0
0,0,0,0
0,0,0,0
0,0,0,0
0,0,0,0
0,0,0,0
0,0,0,0
0,0,0,0
0,0,0,0
0,0,0,0
0,0,0,0
0,0,0,0
0,0,0,0
0,0,0,0
0,0,0,0
0,0,0,0
0,0,0,0
0,0,0,0
0,0,0,0
0,0,0,0
0,0,0,0
0,0,0,0
0,0,0,0
7,0.74990262,1.2858877,7.71646895122508
36,8.20603849,7.62781361166666,39.7868640805299
44,8.08401205499991,7.11798857066676,46.869746627743
19,4.19755359,4.30620794333333,18.5779588724525
40,8.534088805,8.41717999833333,41.5175557312437
15,4.15825112,5.20656227833333,17.691277980918
20,3.63241899,3.71491242833333,20.249781376143
0,0,0,0
0,0,0,0
2,0.48786488,0.92885854,1.90530359634264
2,0.590640744999907,0.918702640000092,1.715839411881
54,11.815006925,9.2669557235,61.564393373802
25,6.81852727,5.59000057,27.2982530438017
0,0,0,0
0,0,0,0
0,0,0,0
0,0,0,0
0,0,0,0
0,0,0,0
0,0,0,0
0,0,0,0
0,0,0,0
0,0,0,0
0,0,0,0
0,0,0,0
0,0,0,0
0,0,0,0
0,0,0,0
0,0,0,0
0,0,0,0
0,0,0,0
0,0,0,0
0,0,0,0
0,0,0,0
0,0,0,0
0,0,0,0
0,0,0,0
0,0,0,0
0,0,0,0
0,0,0,0
0,0,0,0
0,0,0,0
0,0,0,0
53,9.02452514999991,8.17677870119057,64.549105084829
63,11.1344845799999,10.2465483226668,71.2387761462101
5,1.543999865,1.83174245,7.63805075704796
4,1.05013711,1.27375829,4.75499565259415
16,4.51475059,5.60889772333333,20.0006630629582
27,4.43156399,3.46807127733333,30.3798568217338
25,5.508121025,3.50696388333333,24.1876441573063
7,0.99693231,1.073928,6.54779260488113
18,3.55883497,4.31323445333333,16.7380977541712
11,3.414384855,3.57298263333333,13.4241989390175
36,7.172434775,7.36624068533333,40.5899954712066
23,2.56047315,2.42982170433333,25.4415803881941
19,1.53016455,0.830317032,21.4674199399026
5,1.004360145,1.75398499,5.43453764896297
0,0,0,0
2,0.118718875,0.19131435,1.89339043982019
2,0.450112244999907,0.488169520000092,2.22825752951762
12,0.736292315,0.76617278,12.4505908996428
72,11.7484296049999,8.24189503057152,72.6753222152901
0,0,0,0
0,0,0,0
0,0,0,0
0,0,0,0
0,0,0,0
0,0,0,0
0,0,0,0
0,0,0,0
0,0,0,0
0,0,0,0
0,0,0,0
0,0,0,0
0,0,0,0
0,0,0,0
0,0,0,0
0,0,0,0
0,0,0,0
0,0,0,0
0,0,0,0
0,0,0,0
0,0,0,0
0,0,0,0
0,0,0,0
0,0,0,0
0,0,0,0
0,0,0,0
0,0,0,0
0,0,0,0
0,0,0,0
17,1.788893505,2.71887849066667,25.6371863345903
13,1.03543273,1.02648463,15.7708980203997
27,5.57302102,5.55079706766667,26.7949733758267
1,0.685784684999998,0.686585779999998,0.77642144309117
22,1.82662967,1.86566054866667,26.6285208677396
22,3.148152075,3.23844057866667,22.6334933710664
12,0.61838854,0.137675891333333,11.487619287768
44,10.29271311,8.19411689333333,44.4584364134395
19,4.05935509499991,5.25936263666676,20.1953236932724
8,3.284860815,3.81490815,7.77244962364716
8,1.862334575,1.34950881,11.6366097072087
2,0.6997155,0.93918882,1.61559520469609
11,1.08202483,0.90455368,12.9911542452976
6,0.76938624,0.71269676,6.05007572841171
0,0,0,0
1,0.303965885,0.34198063,0.734669564265399
14,2.09561577999991,2.26917163666676,14.7022138086771
3,0.77983184,1.22527138,3.0781494016792
2,0.282219275,0.36980419,2.29070680673362
46,4.67585372499991,4.50234563766676,47.6544083184322
67,12.076597565,8.60008774928571,68.3714973559704
4,1.22429869,1.73243572,3.5453097560676
0,0,0,0
0,0,0,0
0,0,0,0
0,0,0,0
0,0,0,0
0,0,0,0
0,0,0,0
0,0,0,0
0,0,0,0
0,0,0,0
0,0,0,0
0,0,0,0
0,0,0,0
0,0,0,0
0,0,0,0
0,0,0,0
0,0,0,0
0,0,0,0
0,0,0,0
0,0,0,0
0,0,0,0
0,0,0,0
0,0,0,0
0,0,0,0
0,0,0,0
0,0,0,0
0,0,0,0
0,0,0,0
0,0,0,0
0,0,0,0
8,1.938475215,2.27418691,9.22152397336633
7,1.59820276,1.85704268,7.14130525602477
6,1.081222105,1.54422344,5.69050790033856
15,0.63745937,0.412882248666667,16.784374530438
14,0.61199377,0.377453308666667,15.54469508228
10,1.39857437,1.74586988,10.1606587252383
6,0.69266452,0.84954744,6.21327976570151
2,0.210685345,0.29401026,2.27601319224414
6,3.071479455,3.27732937333333,6.12231910533271
17,4.5797968,2.49565632,18.8063156298898
3,0.72924849,0.97441697,2.33547011948855
6,0.50936236,0.46407521,7.71615850624757
0,0,0,0
0,0,0,0
0,0,0,0
5,0.50892979,0.65804975,4.90949669621755
15,2.43240112,3.086778885,17.7145470390788
3,0.477478345,0.49732668,2.56776758064486
5,0.8032493,0.90280612,4.8042118398376
2,0.005675945,0.0041242,2.0604419903565
0,0,0,0
0,0,0,0
0,0,0,0
0,0,0,0
0,0,0,0
0,0,0,0
0,0,0,0
0,0,0,0
0,0,0,0
0,0,0,0
0,0,0,0
0,0,0,0
0,0,0,0
0,0,0,0
0,0,0,0
0,0,0,0
0,0,0,0
0,0,0,0
0,0,0,0
0,0,0,0
0,0,0,0
0,0,0,0
0,0,0,0
0,0,0,0
0,0,0,0
0,0,0,0
0,0,0,0
0,0,0,0
0,0,0,0
0,0,0,0
0,0,0,0
0,0,0,0
48,11.35813624,8.082881204,55.8735533525512
78,14.8025485649999,10.0235041320001,86.401802013721
9,3.39899467,1.6693432,10.1393918369849
12,5.552996885,3.59709936,14.321912629008
1,0.043968385,0.04898785,0.785148209908981
10,1.60509806999991,1.80947625666676,11.8518204213248
1,0.457768715,0.66646699,0.97237810252819
7,3.59049445,3.93802669,9.99108653218256
26,7.20934181999991,7.98662783000009,28.0108732393679
54,12.1518525249999,7.88694571466676,59.8508659561517
11,1.38229941000001,2.03203226000007,14.5949871841193
3,0.414907585,0.52577154,2.25246217586518
0,0,0,0
0,0,0,0
9,1.77724001,1.95748425,8.55886964793198
4,36.372246305,72.56498803,7.10408458299415
38,8.36589507,4.19787935866667,39.382523907599
5,0.92610709,0.77024132,4.07733672044224
19,2.01404555499991,1.81675209633343,21.8251286028001
3,0.215214395,0.28887213,3.34805590636863
0,0,0,0
0,0,0,0
0,0,0,0
0,0,0,0
0,0,0,0
0,0,0,0
0,0,0,0
0,0,0,0
0,0,0,0
0,0,0,0
0,0,0,0
0,0,0,0
0,0,0,0
0,0,0,0
0,0,0,0
0,0,0,0
0,0,0,0
0,0,0,0
0,0,0,0
0,0,0,0
0,0,0,0
0,0,0,0
0,0,0,0
0,0,0,0
0,0,0,0
0,0,0,0
0,0,0,0
0,0,0,0
0,0,0,0
0,0,0,0
0,0,0,0
4,0.456408075,0.80280175,4.33422877368803
35,5.67110240499991,5.45969247833342,35.8653961084983
22,5.211517035,3.61529358666667,27.4932155777636
53,10.75736214,8.439456911,59.5364231857368
3,0.59459152,0.63100684,2.72771138884979
6,2.80707851,3.19314664666666,5.16334905984199
2,0.181220635,0.19224474,3.16173969366508
16,40.279322655,75.7637457883334,19.1064791479799
1,0.231340815,0.29677762,1.00695590075504
21,5.6570399599999,3.59332948200009,24.4390015504731
12,2.769615205,3.14133225666667,14.2501412946566
1,0.02429006,0.0337412,0.799777126729769
0,0,0,0
16,4.39925175,5.18229778,16.2154188234937
15,3.977740085,4.02893506,17.8100013233901
35,5.628428875,4.473193994,37.4016719297902
26,3.980518295,3.40478618666667,28.2652162353754
14,0.939093045,0.979186613333333,16.3847193642939
22,3.102271995,3.41474304666667,20.3578794606358
4,0.52150302,0.93022332,6.16009004403777
0,0,0,0
0,0,0,0
0,0,0,0
0,0,0,0
0,0,0,0
0,0,0,0
0,0,0,0
0,0,0,0
0,0,0,0
0,0,0,0
0,0,0,0
0,0,0,0
0,0,0,0
0,0,0,0
0,0,0,0
0,0,0,0
0,0,0,0
0,0,0,0
0,0,0,0
0,0,0,0
0,0,0,0
0,0,0,0
0,0,0,0
0,0,0,0
0,0,0,0
0,0,0,0
0,0,0,0
0,0,0,0
0,0,0,0
0,0,0,0
0,0,0,0
0,0,0,0
0,0,0,0
2,0.320412439999907,0.287994660000092,1.80454488243697
48,11.8306891349999,9.41692664166676,49.0145565470868
21,6.46839762,3.344640315,22.3158622961686
1,0.4605932,0.77004721,0.875709422077484
27,6.70714917,7.43102202,28.1195882733279
13,3.920316495,3.67966476333333,15.3447447872761
9,2.69670678,3.23006453,7.94627655268223
46,6.72748957999991,6.7034528625239,54.7349548542806
12,1.85009244,1.65485447,11.3489412302544
29,7.724436995,7.85283501035714,29.6763121385742
19,5.4239489,5.04027309,20.6821059619905
37,7.76013466,4.780416602,41.7078543157536
0,0,0,0
10,2.445674055,3.98830406,9.8640700839074
16,2.43491494,2.95812224,17.5902346095714
9,1.140693585,1.12277228,8.86365806595547
28,3.32089491999991,3.31651021333342,31.1785611630448
17,2.75163475499991,2.20265761833343,23.8229361674538
0,0,0,0
0,0,0,0
0,0,0,0
0,0,0,0
0,0,0,0
0,0,0,0
0,0,0,0
0,0,0,0
0,0,0,0
0,0,0,0
0,0,0,0
0,0,0,0
0,0,0,0
0,0,0,0
0,0,0,0
0,0,0,0
0,0,0,0
0,0,0,0
0,0,0,0
0,0,0,0
0,0,0,0
0,0,0,0
0,0,0,0
0,0,0,0
0,0,0,0
0,0,0,0
0,0,0,0
0,0,0,0
0,0,0,0
0,0,0,0
0,0,0,0
0,0,0,0
0,0,0,0
4,0.36413975,0.23031977,4.30495722679345
3,0.49841914,0.63210232,3.18555134925207
23,4.39626456499991,5.17744865000009,23.400800288733
1,0.17366819,0.24916271,1.20886085698963
2,0.378135525,0.29733419,1.80423717643662
0,0,0,0
0,0,0,0
1,0.233628775,0.39754781,0.764878153783867
7,0.325873145,0.36911167,8.43290693812963
12,3.120523455,3.01651354,14.8624231751702
2,0.41797336,0.38370083,1.8119938703628
2,0.78935055,0.908735199999999,2.21663559744842
6,0.841018265,1.05381428,5.61471012509058
0,0,0,0
0,0,0,0
7,0.524459765,0.65169399,7.92273418098114
20,1.975806145,2.091383772,20.1281516615875
70,12.492893115,7.29203283333355,78.4849052373796
15,2.3069615,2.62542447333333,17.1236481659842
7,1.164072425,1.71688038,8.2536095598322
0,0,0,0
0,0,0,0
0,0,0,0
0,0,0,0
0,0,0,0
0,0,0,0
0,0,0,0
0,0,0,0
0,0,0,0
0,0,0,0
0,0,0,0
0,0,0,0
0,0,0,0
0,0,0,0
0,0,0,0
0,0,0,0
0,0,0,0
0,0,0,0
0,0,0,0
0,0,0,0
0,0,0,0
0,0,0,0
0,0,0,0
0,0,0,0
0,0,0,0
0,0,0,0
0,0,0,0
0,0,0,0
0,0,0,0
0,0,0,0
49,9.68455312999991,8.65896048566676,56.1255955450396
4,0.979513295,0.93799782,4.97573387810768
12,3.283101145,2.45010461666666,11.3123001547986
32,6.2428887,5.09421292,37.7547014299013
32,8.12745167999991,8.03643188200009,34.1696608711593
16,5.762461165,4.22303808333333,20.3188377213302
23,6.45333729499999,5.92213790166667,25.5289966771245
38,9.5818537649999,10.3005189633334,37.5892331466241
0,0,0,0
3,0.637061125,0.51495969,2.92357775943018
4,0.70480665,0.42850025,3.26216523338656
9,1.468538995,1.55418269,9.39290044516297
16,3.015427345,1.85685223666667,21.935819405266
3,1.17163146,1.35633033,2.6023883161725
3,0.50249089,0.6338445,2.53133015442356
4,0.62633405,0.74315723,4.09977439477831
6,1.402257875,1.3544556,5.27696581842667
9,2.238023775,2.51626263,11.2532036472843
11,1.82457300999991,2.27270660500009,15.0292331646333
1,0.220986255,0.24830769,0.889693049704112
5,1.3368983,1.5381678,6.08183734192938
13,1.313404335,1.23362881,12.9243766907609
8,0.857587749999907,0.919801550000092,8.55775269833851
0,0,0,0
0,0,0,0
0,0,0,0
0,0,0,0
0,0,0,0
0,0,0,0
0,0,0,0
0,0,0,0
0,0,0,0
0,0,0,0
0,0,0,0
0,0,0,0
0,0,0,0
0,0,0,0
0,0,0,0
0,0,0,0
0,0,0,0
0,0,0,0
0,0,0,0
0,0,0,0
0,0,0,0
0,0,0,0
0,0,0,0
0,0,0,0
0,0,0,0
0,0,0,0
0,0,0,0
0,0,0,0
0,0,0,0
0,0,0,0
0,0,0,0
13,2.5465134,3.10528454,12.3248565300698
13,2.23542307,2.61475786,15.6490206523019
7,2.19465031,2.38189243333333,7.66658495050241
15,2.97694375,3.14947193266667,13.8181533533448
26,8.797525315,9.21426458333333,27.4571534720821
23,7.16387073,6.42998131166666,26.2234137137954
40,9.607604085,5.65932702033333,42.3284429543622
48,10.7659764949999,10.3046859745239,54.9623794981966
10,2.184195795,2.39457409333333,9.40262264813958
22,2.53842364,2.19994469166667,25.3021916068976
8,0.61636423,0.56450515,7.18872157218217
33,7.651386705,6.55044361766667,43.2183874079754
3,0.307443755,0.25730702,2.74666940209599
21,6.68667365,5.36720455,25.1006024760932
19,4.73127504,4.801918944,20.3769036206542
1,0.037659455,0.01582804,0.734150133411016
2,0.04270526,0.07215648,1.91736262088783
12,1.803284255,1.95058701,12.8654989092973
9,1.362834715,1.72893126333333,10.729743874162
8,1.38997517,1.41278619,7.98590673404393
26,38.92233264,1.71686467866667,33.8637918393731
11,1.49329681,1.96979355,13.2163597396136
1,0.035848985,0.03752072,1.07045459026073
0,0,0,0
0,0,0,0
0,0,0,0
0,0,0,0
0,0,0,0
0,0,0,0
0,0,0,0
0,0,0,0
0,0,0,0
0,0,0,0
0,0,0,0
0,0,0,0
0,0,0,0
0,0,0,0
0,0,0,0
0,0,0,0
0,0,0,0
0,0,0,0
0,0,0,0
0,0,0,0
0,0,0,0
0,0,0,0
0,0,0,0
0,0,0,0
0,0,0,0
0,0,0,0
0,0,0,0
0,0,0,0
0,0,0,0
0,0,0,0
0,0,0,0
0,0,0,0
75,9.69448304,6.59319963088889,78.1314783125744
107,18.26352422,10.8342071678571,123.395422249103
7,0.878609565,1.03597208,8.44240240163489
32,6.85557633499991,6.63207363000009,37.0868628465498
3,0.27679404,0.40660483,2.87916635062995
34,5.80149004499991,4.06301707500009,38.2854433533392
8,1.023573455,1.23534961,7.88292890787382
44,9.3739818349999,6.77101759300009,47.9640155682482
16,3.00065012,3.22314996428571,15.2094873670916
3,0.659320125,0.90520204,3.09738316550083
0,0,0,0
30,5.16818939499991,5.47305773333343,34.9513689213959
2,0.10901641,0.18963178,2.3717018777494
6,1.73159652,2.08373879,6.45425426623216
12,0.857713479999819,0.526185644000108,14.1754414145381
8,1.574314675,1.20922002333333,12.2869675118549
22,4.42053496,4.56978105,20.4112271036568
9,37.05968549,73.6182889266667,11.8511128961968
6,0.223988425,0.24465933,9.93581331203502
0,0,0,0
9,1.265899225,1.53516948,11.2255350807
5,0.362417335,0.41890649,5.75516895731633
0,0,0,0
0,0,0,0
0,0,0,0
0,0,0,0
0,0,0,0
0,0,0,0
0,0,0,0
0,0,0,0
0,0,0,0
0,0,0,0
0,0,0,0
0,0,0,0
0,0,0,0
0,0,0,0
0,0,0,0
0,0,0,0
0,0,0,0
0,0,0,0
0,0,0,0
0,0,0,0
0,0,0,0
0,0,0,0
0,0,0,0
0,0,0,0
0,0,0,0
0,0,0,0
0,0,0,0
0,0,0,0
0,0,0,0
0,0,0,0
0,0,0,0
0,0,0,0
0,0,0,0
16,2.3862894,2.23232237,17.5093164785057
63,12.0692108599999,8.77583577138104,77.335402535643
31,7.1308227499999,5.41715331133342,35.4277889875568
31,7.629703175,5.21833421,35.4511934132075
50,10.4873889999999,5.94318290533342,57.2390468206822
20,6.230155815,6.80719265666666,21.1077253340128
2,0.472412145,0.45528673,1.88706369999585
1,0.007027025,0.01169717,1.21321504517585
0,0,0,0
7,1.03758517,1.22494993,7.1187492238891
24,5.773090265,6.63628137333333,25.9921935324366
17,2.311462365,2.66323172666667,22.8719418630145
11,36.5996022,72.434043824,11.2460248124466
22,2.83656506999982,2.02058933400011,22.187793292024
40,8.4804519599999,7.37719176566676,44.5332784609133
27,40.1167726099999,75.7573720033334,25.5897120208496
3,0.167960715,0.20447921,3.38017642701677
3,0.21769658,0.19965485,4.30208196551263
0,0,0,0
0,0,0,0
0,0,0,0
0,0,0,0
0,0,0,0
0,0,0,0
0,0,0,0
0,0,0,0
0,0,0,0
0,0,0,0
0,0,0,0
0,0,0,0
0,0,0,0
0,0,0,0
0,0,0,0
0,0,0,0
0,0,0,0
0,0,0,0
0,0,0,0
0,0,0,0
0,0,0,0
0,0,0,0
0,0,0,0
0,0,0,0
0,0,0,0
0,0,0,0
0,0,0,0
0,0,0,0
0,0,0,0
0,0,0,0
0,0,0,0
0,0,0,0
0,0,0,0
3,0.212485315,0.23146563,3.12461013734309
22,2.904616155,2.53928215857143,26.806634270716
59,7.67993487999991,5.91412829871438,65.7747897209394
76,10.8863439449999,5.9734822011112,85.48598466558
4,0.40432968,0.37224025,3.77946278048836
62,9.29274442,5.34941100366667,67.6357714345198
6,2.94108885,3.63702376,5.15788683823337
46,7.66425852500003,5.83337238238117,48.211338740277
1,0.007027025,0.01169717,1.21321504517585
7,1.014221475,1.14791957,7.35368612486129
5,1.047595465,1.42400216,4.55822053557267
14,1.816111,1.30571679066667,15.5220113128467
15,4.573111105,5.38506829,17.7783730781284
10,4.129155495,4.83036575,8.46644096916235
40,45.919863525,79.5346707746667,42.2014521165635
16,1.985568235,2.29710106666667,17.8836412566874
14,2.562770885,2.42417295833333,15.7213002184024
8,0.50420017,0.326386736666667,8.00595684984431
0,0,0,0
0,0,0,0
0,0,0,0
0,0,0,0
0,0,0,0
0,0,0,0
0,0,0,0
0,0,0,0
0,0,0,0
0,0,0,0
0,0,0,0
0,0,0,0
0,0,0,0
0,0,0,0
0,0,0,0
0,0,0,0
0,0,0,0
0,0,0,0
0,0,0,0
0,0,0,0
0,0,0,0
0,0,0,0
0,0,0,0
0,0,0,0
0,0,0,0
0,0,0,0
0,0,0,0
0,0,0,0
0,0,0,0
0,0,0,0
0,0,0,0
0,0,0,0
0,0,0,0
0,0,0,0
1,0.035848985,0.03752072,1.07045459026073
1,0.129562465,0.15081207,0.938101503172731
2,0.311709115,0.36282818,1.89011975357132
35,8.08307864,8.72776561333333,39.4038895766858
35,4.002151575,2.73093766742857,42.3099076472244
43,4.433687615,3.297575963,49.6973289058926
11,1.69768719,1.90195540833333,11.7936248289751
46,11.13351053,8.370501979,48.8139748108118
62,10.5583579799999,8.56778581072736,71.8956797068953
77,9.98846782999991,6.01875613624251,82.3643242157263
29,3.60281685,3.11614173833333,31.6985091787085
3,0.48170163,0.2740731,2.98772575477327
1,0.004154595,0.00587774,0.695385064031898
50,10.3851668399999,9.91982288714295,49.796438994438
39,7.26526701,5.87026164944444,42.03515090038
46,9.31293639,6.221810125,52.4185561955361
71,13.9835719249999,9.62834060555565,77.8679881609945
58,42.4406222699998,5.37072846633345,63.1310290130308
43,41.56221717,5.09742493930953,44.3236537383854
0,0,0,0
0,0,0,0
0,0,0,0
0,0,0,0
0,0,0,0
0,0,0,0
0,0,0,0
0,0,0,0
0,0,0,0
0,0,0,0
0,0,0,0
0,0,0,0
0,0,0,0
0,0,0,0
0,0,0,0
0,0,0,0
0,0,0,0
0,0,0,0
0,0,0,0
0,0,0,0
0,0,0,0
0,0,0,0
0,0,0,0
0,0,0,0
0,0,0,0
0,0,0,0
0,0,0,0
0,0,0,0
0,0,0,0
0,0,0,0
0,0,0,0
0,0,0,0
0,0,0,0
0,0,0,0
0,0,0,0
0,0,0,0
6,0.99748484,1.32072655,6.78311312091012
9,1.160499455,1.20478037,11.980249632202
7,0.26841783,0.25187323,7.245508550388
2,0.180112265,0.20005395,1.92575107669518
1,0.197054295,0.24617554,1.16422170620583
25,3.813976265,3.07934640666667,29.0137673408209
63,9.1471172149999,7.46920963276199,74.5200626510876
115,42.9619756899999,8.412551122088,128.950800146506
122,18.0078435499999,10.2611744745611,133.718632831562
8,1.09778039,1.03062922333333,7.64405461236628
45,7.4366576499999,6.48283940914295,54.1405146991404
83,15.6269197349999,11.3170340368572,92.9981324229359
20,3.648454605,4.51024911333333,23.0720939203771
28,4.37422155,4.472086615,31.28032868722
30,7.37589104,7.10224462619047,32.2785648521337
66,12.1391892599999,9.77301795390485,70.5649699163187
139,56.2351978399999,12.4536816543796,153.768301870902
58,43.8913261799998,7.21723602328583,67.2153434164816
23,38.6093199549999,1.75206402166677,23.0256742283014
1,0.035848985,0.03752072,1.07045459026073
0,0,0,0
0,0,0,0
0,0,0,0
0,0,0,0
0,0,0,0
0,0,0,0
0,0,0,0
0,0,0,0
0,0,0,0
0,0,0,0
0,0,0,0
0,0,0,0
0,0,0,0
0,0,0,0
0,0,0,0
0,0,0,0
0,0,0,0
0,0,0,0
0,0,0,0
0,0,0,0
0,0,0,0
0,0,0,0
0,0,0,0
0,0,0,0
0,0,0,0
0,0,0,0
0,0,0,0
0,0,0,0
0,0,0,0
0,0,0,0
0,0,0,0
0,0,0,0
0,0,0,0
0,0,0,0
0,0,0,0
0,0,0,0
4,0.200466215,0.16707401,3.92371988156035
4,0.56680639,0.70485349,4.00904367750548
1,0.02307295,0.0259928,1.14932449268968
12,2.16283053,1.75909461333333,13.9364725222353
0,0,0,0
53,44.60314579,76.4862341733334,52.8550224295809
25,4.7062014249999,5.45436167800009,24.3815585501607
53,8.45836784999993,6.92362794566676,55.373155658346
73,47.498653265,79.3564903913334,78.0661609976351
97,15.9227325149999,9.02494819266675,105.998298262336
190,113.85058124,1053.94292663727,210.375881001381
23,5.04931261,6.412956848,24.8971978240387
45,4.70321291999991,3.67702913785723,55.2297061293821
14,1.83722489,1.853141735,15.5688311878325
35,6.061398405,5.51658364833333,34.6757289719568
16,2.720517715,2.7654574,20.2187159998225
29,8.6097200999999,9.09621485500009,32.1092942655906
86,14.9270351899999,9.5740985582858,94.9142517968096
37,44.026889855,5.30401942666667,43.9344881433482
16,37.98225433,0.537871785000013,19.7578527922682
16,3.138419375,2.10760674666667,16.837433072807
0,0,0,0
0,0,0,0
0,0,0,0
0,0,0,0
0,0,0,0
0,0,0,0
0,0,0,0
0,0,0,0
0,0,0,0
0,0,0,0
0,0,0,0
0,0,0,0
0,0,0,0
0,0,0,0
0,0,0,0
0,0,0,0
0,0,0,0
0,0,0,0
0,0,0,0
0,0,0,0
0,0,0,0
0,0,0,0
0,0,0,0
0,0,0,0
0,0,0,0
0,0,0,0
0,0,0,0
0,0,0,0
0,0,0,0
0,0,0,0
0,0,0,0
0,0,0,0
0,0,0,0
0,0,0,0
0,0,0,0
0,0,0,0
0,0,0,0
0,0,0,0
1,0.12313004,0.20932813,1.06039782039397
4,1.657825885,1.07403571,9.62859627429315
26,39.84814285,75.5451879847619,29.9242322372443
39,44.968705475,77.3873935966667,47.1699676719421
94,16.1234866649999,12.3917743114243,102.811034040303
104,14.6255751349999,10.0622086839719,114.376749312902
97,51.7041195949999,82.246291515262,100.316691036972
104,17.9802555849999,12.1091293118017,121.757389305545
101,18.2669285799999,15.5051963425398,105.811925027815
87,17.0523368599999,10.0244842295152,97.7936054456491
43,6.26336896,3.77604850285714,48.6420079834114
49,8.97238234999991,8.06129871166676,52.2374665864967
23,4.05184709,4.62052722133333,25.8580884676951
50,8.8660200699999,8.33726973433342,51.7699342324524
2,0.586560775,1.01851871,2.32699106634625
12,2.93205759,3.31984942666667,11.110245648328
3,0.55241822,0.36864866,2.84689665289076
0,0,0,0
0,0,0,0
0,0,0,0
0,0,0,0
0,0,0,0
0,0,0,0
0,0,0,0
0,0,0,0
0,0,0,0
0,0,0,0
0,0,0,0
0,0,0,0
0,0,0,0
0,0,0,0
0,0,0,0
0,0,0,0
0,0,0,0
0,0,0,0
0,0,0,0
0,0,0,0
0,0,0,0
0,0,0,0
0,0,0,0
0,0,0,0
0,0,0,0
0,0,0,0
0,0,0,0
0,0,0,0
0,0,0,0
0,0,0,0
0,0,0,0
0,0,0,0
0,0,0,0
0,0,0,0
0,0,0,0
0,0,0,0
0,0,0,0
73,7.778808415,5.63597183866667,82.6099726811042
1,0.17366819,0.24916271,1.20886085698963
12,36.92763287,72.7219340866667,12.4368428041487
9,0.979877735,0.831825691666667,8.90507138472677
94,47.0517740449999,6.66072119961181,96.3691487816006
59,10.4923880649999,10.0426654552425,62.4341100335416
169,84.1694123699999,14.2019600637675,190.301007250563
104,53.0302712549999,10.334716680788,112.036540745129
137,22.2006720099999,10.7883012351668,150.661511805079
96,19.4943707299999,11.86101940713,105.897675552017
80,12.4871168149999,7.51143085500009,86.5889475366008
68,11.7036376999999,11.135775688762,79.5606419919377
63,13.3145861299999,9.71061544745247,68.7715445460684
41,10.204038035,7.92249276866667,45.8080386146744
35,7.9447586,6.576428015,38.0163160231931
20,2.856022015,2.67437477,19.1884968212426
47,41.7009214599999,4.45330724966676,48.6642269239952
2,0.30062094,0.49456563,1.92098305927265
0,0,0,0
0,0,0,0
0,0,0,0
0,0,0,0
0,0,0,0
0,0,0,0
0,0,0,0
0,0,0,0
0,0,0,0
0,0,0,0
0,0,0,0
0,0,0,0
0,0,0,0
0,0,0,0
0,0,0,0
0,0,0,0
0,0,0,0
0,0,0,0
0,0,0,0
0,0,0,0
0,0,0,0
0,0,0,0
0,0,0,0
0,0,0,0
0,0,0,0
0,0,0,0
0,0,0,0
0,0,0,0
0,0,0,0
0,0,0,0
0,0,0,0
0,0,0,0
0,0,0,0
0,0,0,0
0,0,0,0
0,0,0,0
0,0,0,0
55,8.342117265,5.85345014290476,60.7279554350071
18,1.63202707,1.691430929,16.6710870984864
29,3.47867721,3.23892038355556,29.6091090054813
28,41.0591487799999,4.77467482266677,28.9091188076069
46,9.17141411999991,6.50304595238104,45.8107480395434
162,57.8118838899999,12.5206087129604,179.875024771782
85,11.5593893749999,10.7302881758183,93.0536744816123
126,52.7852476999999,9.54413571101109,147.986124820136
165,26.72136142,13.6398656539324,173.03298009978
82,12.6376898949999,7.85277630145247,87.5385673878039
56,6.53688934500003,4.67610397766688,61.4729722897845
54,9.15284537999991,7.59442994361914,57.1283348297431
29,5.51582475499981,5.59937379666677,28.3627536461408
13,2.09994229999991,2.28028711000009,14.0713033431763
36,5.845787965,4.06801884066667,38.2964890218401
33,42.011644085,76.2275272928788,37.4166580907899
17,3.316935655,2.45881578333333,19.3765541271721
0,0,0,0
0,0,0,0
0,0,0,0
0,0,0,0
0,0,0,0
0,0,0,0
0,0,0,0
0,0,0,0
0,0,0,0
0,0,0,0
0,0,0,0
0,0,0,0
0,0,0,0
0,0,0,0
0,0,0,0
0,0,0,0
0,0,0,0
0,0,0,0
0,0,0,0
0,0,0,0
0,0,0,0
0,0,0,0
0,0,0,0
0,0,0,0
0,0,0,0
0,0,0,0
0,0,0,0
0,0,0,0
0,0,0,0
0,0,0,0
0,0,0,0
0,0,0,0
0,0,0,0
0,0,0,0
0,0,0,0
0,0,0,0
0,0,0,0
0,0,0,0
36,6.32694712999991,6.66318965600009,45.7647101810359
58,37.080969855,6.36423283411111,65.3202102497681
55,5.97943078,5.53414996411111,56.0879503239666
131,79.0615711449999,1053.45031038914,134.984823834815
102,17.5172184449999,14.2051986406451,105.291936977489
85,47.1985986799999,7.18018752065089,91.4179683793806
52,43.3962100899999,5.30209535166676,59.698515545598
102,80.7822259749999,85.7220942340045,111.408081051003
147,49.34433579,14.9978809275863,153.899645351216
72,12.8899372099999,11.2595288317382,81.4728370916936
81,13.6213268799999,8.96327215966675,89.6514914875967
47,6.54475646999991,4.9267307855239,53.6503943485337
18,2.065494135,1.78345116166667,18.7049011325339
33,7.229177525,6.10577254619048,36.9085400804976
43,41.1510057399999,77.8941884983334,43.25486987295
26,3.74083035499991,3.32950542000009,27.8849740565404
41,9.63061584,7.64132363821428,43.3568915353835
4,0.883092845,1.58430968,4.00380278901684
0,0,0,0
0,0,0,0
0,0,0,0
0,0,0,0
0,0,0,0
0,0,0,0
0,0,0,0
0,0,0,0
0,0,0,0
0,0,0,0
0,0,0,0
0,0,0,0
0,0,0,0
0,0,0,0
0,0,0,0
0,0,0,0
0,0,0,0
0,0,0,0
0,0,0,0
0,0,0,0
0,0,0,0
0,0,0,0
0,0,0,0
0,0,0,0
0,0,0,0
0,0,0,0
0,0,0,0
0,0,0,0
0,0,0,0
0,0,0,0
0,0,0,0
0,0,0,0
0,0,0,0
0,0,0,0
0,0,0,0
0,0,0,0
0,0,0,0
37,7.07197061,5.83965166166667,42.8736423292136
64,9.94398673,6.68672270362745,72.4667472506553
65,38.88465107,7.45609436281818,75.1566490520019
38,33.177553515,4.63005587361905,40.0904791193848
166,49.854024125,13.1969341531046,180.613579013818
73,35.666669095,5.99653549460606,74.2845486773417
48,43.3207974,77.0500190420909,46.8783026172832
172,57.0220136499999,1051.89863034756,179.276247508668
107,15.4441434699999,12.5016621251429,108.366246262831
58,45.2432764649999,6.339535064091,63.1853598318781
162,52.1863036449999,11.3400364570632,173.488601513897
36,5.54349993999991,5.30284322666676,43.7097740284431
46,8.2531051899999,7.09721117619057,49.9998148904085
52,10.5256433849999,8.03160585500009,55.1608115882129
19,4.387809345,4.34949836333333,17.0545892868487
30,43.58560768,5.02779797000001,32.1114014974812
27,3.55408143999991,2.62500180571438,27.5648918115402
77,17.2026344599999,14.0386396909525,77.1513466848028
33,9.11249993999991,8.73705887333342,34.4403643252798
0,0,0,0
0,0,0,0
0,0,0,0
0,0,0,0
0,0,0,0
0,0,0,0
0,0,0,0
0,0,0,0
0,0,0,0
0,0,0,0
0,0,0,0
0,0,0,0
0,0,0,0
0,0,0,0
0,0,0,0
0,0,0,0
0,0,0,0
0,0,0,0
0,0,0,0
0,0,0,0
0,0,0,0
0,0,0,0
0,0,0,0
0,0,0,0
0,0,0,0
0,0,0,0
0,0,0,0
0,0,0,0
0,0,0,0
0,0,0,0
0,0,0,0
0,0,0,0
0,0,0,0
0,0,0,0
0,0,0,0
0,0,0,0
0,0,0,0
0,0,0,0
0,0,0,0
10,1.07678531,1.12218586833333,11.859968563554
6,0.63287797,0.65471131,5.55305553589495
32,5.016103225,3.20214275566667,34.5297540739127
101,43.48440603,9.61809070230303,112.925891538573
51,9.94879270999999,6.59330681966667,60.7434855910599
106,77.384072475,790.675393977326,109.889905269391
62,44.9098185049999,79.7000444429843,70.1204188078748
64,72.503404135,7.8335556048889,71.8566145852695
88,18.8424910549999,11.7691267324103,100.867413158303
67,15.6574934349999,9.94695484000009,79.1464770414097
25,5.62129788499999,4.403675626,27.5428090201069
15,4.02865716,3.77625627,16.1539891837526
38,6.47811329999991,6.08037071766676,37.3720879993855
18,39.4592974599998,3.19304164333345,19.9309701591016
21,42.13743591,77.78713475,22.0084994418714
48,70.0409442849999,4.5283235227144,51.6135918289792
66,12.0330348699999,9.16706797460341,62.9474748510447
89,52.5568985049999,11.8122830320304,92.5272765389264
97,53.5691739499999,82.9113017494287,101.090628878797
0,0,0,0
0,0,0,0
0,0,0,0
0,0,0,0
0,0,0,0
0,0,0,0
0,0,0,0
0,0,0,0
0,0,0,0
0,0,0,0
0,0,0,0
0,0,0,0
0,0,0,0
0,0,0,0
0,0,0,0
0,0,0,0
0,0,0,0
0,0,0,0
0,0,0,0
0,0,0,0
0,0,0,0
0,0,0,0
0,0,0,0
0,0,0,0
0,0,0,0
0,0,0,0
0,0,0,0
0,0,0,0
0,0,0,0
0,0,0,0
0,0,0,0
0,0,0,0
0,0,0,0
0,0,0,0
0,0,0,0
0,0,0,0
0,0,0,0
0,0,0,0
0,0,0,0
0,0,0,0
13,2.11034004,1.02239133533333,12.6708611514113
8,0.969036149999998,1.37759604,8.03512774577995
26,4.507627405,3.42607674,25.5896301233038
69,74.672605225,79.5805902309524,74.1073013672486
10,2.452982755,2.81825644333333,9.24116662307706
70,12.3068308799999,8.01169015353855,68.0530167735655
114,52.6386192699999,11.7726353685556,124.253403470562
155,54.0262170049999,1051.32202127337,164.501005195885
39,42.3390170949999,78.2712803800001,42.413082425241
99,18.7824483849999,12.0848785515001,118.505011228558
76,14.4377271849999,8.96913833136373,86.6157712448746
72,13.4698969299999,9.98621731733343,76.5555790824484
66,44.8547508,78.8512138576667,69.3603939747221
48,44.2153572449999,6.328129614762,50.1845495590104
27,40.6826707349999,5.0333049300001,31.0941347658586
40,44.9103285049999,78.0618752265557,39.7200280752577
36,7.70948285999993,5.11030479666676,38.0521379734477
33,6.780493495,6.61003373066667,32.2048099237443
61,14.344958265,10.0845993077273,68.5766242213915
9,1.59989413,0.67587906,11.1541507022814
0,0,0,0
0,0,0,0
0,0,0,0
0,0,0,0
0,0,0,0
0,0,0,0
0,0,0,0
0,0,0,0
0,0,0,0
0,0,0,0
0,0,0,0
0,0,0,0
0,0,0,0
0,0,0,0
0,0,0,0
0,0,0,0
0,0,0,0
0,0,0,0
0,0,0,0
0,0,0,0
0,0,0,0
0,0,0,0
0,0,0,0
0,0,0,0
0,0,0,0
0,0,0,0
0,0,0,0
0,0,0,0
0,0,0,0
0,0,0,0
0,0,0,0
0,0,0,0
0,0,0,0
0,0,0,0
0,0,0,0
0,0,0,0
0,0,0,0
0,0,0,0
0,0,0,0
0,0,0,0
19,3.081307515,2.94925624,21.1196562518233
0,0,0,0
6,1.53615709,1.97809192833333,5.62209220405827
13,0.6630492,0.353412206333333,12.2267190848646
89,10.8026290749999,1569.0506287446,92.27945673699
66,10.9917481949999,8.5511057115239,70.6772793036612
79,46.075943225,6.21034509242434,84.7494911559544
77,12.6482307699999,7.55346791497628,84.1225052853914
21,4.28796113999991,4.48387008266676,20.4870489685746
113,80.3726473399999,10.4151242255152,118.461126228085
75,48.3508965499999,9.81152602033343,76.0968256270806
43,43.4806501299999,77.2349151400001,40.9313629807093
107,19.5735364249999,11.721692968635,112.550051935948
46,9.94498334,7.80921233622222,46.1106461329071
33,6.50832498499991,5.25921588000009,35.1210863334406
46,12.4951117699999,9.20548603857152,51.2103007984809
0,0,0,0
0,0,0,0
0,0,0,0
0,0,0,0
0,0,0,0
0,0,0,0
0,0,0,0
0,0,0,0
0,0,0,0
0,0,0,0
0,0,0,0
0,0,0,0
0,0,0,0
0,0,0,0
0,0,0,0
0,0,0,0
0,0,0,0
0,0,0,0
0,0,0,0
0,0,0,0
0,0,0,0
0,0,0,0
0,0,0,0
0,0,0,0
0,0,0,0
0,0,0,0
0,0,0,0
0,0,0,0
0,0,0,0
0,0,0,0
0,0,0,0
0,0,0,0
0,0,0,0
0,0,0,0
0,0,0,0
0,0,0,0
0,0,0,0
0,0,0,0
0,0,0,0
0,0,0,0
0,0,0,0
3,1.020407205,0.90833458,3.41241546711555
16,5.67382386,5.42534213666666,16.3105417691301
15,0.81267904,0.623506786,15.566100463339
9,1.456917515,1.40824151,9.26332389229534
62,11.0872046999998,1568.67655195173,60.8095748455463
69,13.7280216649999,9.96325294071437,69.915413137612
115,53.5055804849999,10.4559129662901,119.263303085859
61,10.3883646249999,8.19059348266676,68.4873813385745
36,6.53665476499991,7.48669663333342,37.6705638947885
134,56.9751726799999,84.4289706151906,141.418090745748
146,54.6238952699999,11.286653987422,149.562329839537
19,3.71222921,4.18253871666667,20.8963580941208
6,2.21199459,2.96287592,8.33790050155049
0,0,0,0
0,0,0,0
0,0,0,0
0,0,0,0
0,0,0,0
0,0,0,0
0,0,0,0
0,0,0,0
0,0,0,0
0,0,0,0
0,0,0,0
0,0,0,0
0,0,0,0
0,0,0,0
0,0,0,0
0,0,0,0
0,0,0,0
0,0,0,0
0,0,0,0
0,0,0,0
0,0,0,0
0,0,0,0
0,0,0,0
0,0,0,0
0,0,0,0
0,0,0,0
0,0,0,0
0,0,0,0
0,0,0,0
0,0,0,0
0,0,0,0
0,0,0,0
0,0,0,0
0,0,0,0
0,0,0,0
0,0,0,0
0,0,0,0
0,0,0,0
0,0,0,0
0,0,0,0
0,0,0,0
0,0,0,0
12,0.60799967,0.574655866666667,10.7463331487536
13,2.04362513,1.55022960333333,12.7159331062136
2,0.15342327,0.18462857,2.05665026762786
11,1.508576105,1.509592228,10.7192018116019
51,11.0095590049999,10.192157887381,50.1049594816816
59,12.9630044199999,10.7730011743334,62.9574227969933
36,7.02516202499991,7.14504337833343,36.3974332884561
110,51.0133957199999,11.6090290571112,112.141709434094
105,49.361515255,9.59944021437672,110.035455261813
86,16.5917496949999,11.6013984004763,91.211688949549
43,8.65084480999991,7.03412517333342,43.7613104253299
59,10.8780433599999,10.6647214566668,72.884573812729
88,12.9200319099999,9.74185448869706,91.5154029602936
15,3.333166055,2.309407286,16.0969795008885
0,0,0,0
0,0,0,0
0,0,0,0
0,0,0,0
0,0,0,0
0,0,0,0
0,0,0,0
0,0,0,0
0,0,0,0
0,0,0,0
0,0,0,0
0,0,0,0
0,0,0,0
0,0,0,0
0,0,0,0
0,0,0,0
0,0,0,0
0,0,0,0
0,0,0,0
0,0,0,0
0,0,0,0
0,0,0,0
0,0,0,0
0,0,0,0
0,0,0,0
0,0,0,0
0,0,0,0
0,0,0,0
0,0,0,0
0,0,0,0
0,0,0,0
0,0,0,0
0,0,0,0
0,0,0,0
0,0,0,0
0,0,0,0
0,0,0,0
0,0,0,0
0,0,0,0
0,0,0,0
0,0,0,0
0,0,0,0
0,0,0,0
33,30.83960922,4.721157354,34.1031807958496
61,8.34481082499999,6.35846280397619,65.0792091554182
26,6.38856496,5.188724475,27.3568378495007
48,6.19357074,6.33509347895238,47.3404442431145
99,16.5746678499999,1053.72125773839,100.367531307727
56,48.6726347249999,84.4806748966668,56.253070294119
59,45.61817284,8.64014452755556,58.3595735007589
70,46.587574065,8.80831132378798,70.8441370615944
21,4.06014425499991,5.25067667000009,24.8451284964568
13,1.99506745,2.20936951,11.8207565706843
41,7.24359613,4.76314933666667,43.5726534088602
67,16.1124389599999,10.9954299023334,75.4656989198434
196,31.6716163899999,15.6594698171643,209.829226552681
98,21.2421436649999,12.1428723217779,102.995676184671
5,1.96679381,2.05452651,4.29035420841687
0,0,0,0
0,0,0,0
0,0,0,0
0,0,0,0
0,0,0,0
0,0,0,0
0,0,0,0
0,0,0,0
0,0,0,0
0,0,0,0
0,0,0,0
0,0,0,0
0,0,0,0
0,0,0,0
0,0,0,0
0,0,0,0
0,0,0,0
0,0,0,0
0,0,0,0
0,0,0,0
0,0,0,0
0,0,0,0
0,0,0,0
0,0,0,0
0,0,0,0
0,0,0,0
0,0,0,0
0,0,0,0
0,0,0,0
0,0,0,0
0,0,0,0
0,0,0,0
0,0,0,0
0,0,0,0
0,0,0,0
0,0,0,0
0,0,0,0
0,0,0,0
0,0,0,0
0,0,0,0
0,0,0,0
0,0,0,0
0,0,0,0
42,36.16422847,8.16971753166667,44.7276807834474
107,13.4446237549999,9.52547895442622,111.050233382951
160,101.721924635,13.3132313829892,164.514347401731
206,104.484633205,13.4126848139315,217.831759914133
181,23.9360217399999,1576.14678126877,192.108795484102
79,50.893487325,83.1598651950476,78.7222203018157
11,3.455973005,3.27335331333333,10.7763512848499
18,4.91163677499991,5.43597157333342,17.3165291970273
22,6.450991065,8.05904271333333,23.6724647135572
16,3.746555325,2.70782975333333,15.9289395843204
27,7.19628208999991,5.22350128327282,27.1581171876513
1,0.064400145,0.12394359,1.00522369998606
0,0,0,0
0,0,0,0
0,0,0,0
0,0,0,0
0,0,0,0
0,0,0,0
0,0,0,0
0,0,0,0
0,0,0,0
0,0,0,0
0,0,0,0
0,0,0,0
0,0,0,0
0,0,0,0
0,0,0,0
0,0,0,0
0,0,0,0
0,0,0,0
0,0,0,0
0,0,0,0
0,0,0,0
0,0,0,0
0,0,0,0
0,0,0,0
0,0,0,0
0,0,0,0
0,0,0,0
0,0,0,0
0,0,0,0
0,0,0,0
0,0,0,0
0,0,0,0
0,0,0,0
0,0,0,0
0,0,0,0
0,0,0,0
0,0,0,0
0,0,0,0
0,0,0,0
0,0,0,0
0,0,0,0
0,0,0,0
0,0,0,0
0,0,0,0
1,0.412468485,0.56749077,1.61763529681686
47,60.064596025,6.2167822133334,48.0810213557658
154,99.089820385,9.40913266790309,162.538645103064
210,62.9798683749999,1056.41333026532,222.94523568821
99,11.0997141149999,10.0258255864979,107.726158960435
34,8.84541061,8.74297347833333,36.9253399478498
33,8.8339689749999,8.19817713500009,34.8738439918288
20,4.49526569999991,3.83491260500009,19.4920090294195
1,0.035226265,0.04654964,1.04383360658535
39,7.53835255999991,5.92542795833342,45.1445080970712
0,0,0,0
0,0,0,0
0,0,0,0
0,0,0,0
0,0,0,0
0,0,0,0
0,0,0,0
0,0,0,0
0,0,0,0
0,0,0,0
0,0,0,0
0,0,0,0
0,0,0,0
0,0,0,0
0,0,0,0
0,0,0,0
0,0,0,0
0,0,0,0
0,0,0,0
0,0,0,0
0,0,0,0
0,0,0,0
0,0,0,0
0,0,0,0
0,0,0,0
0,0,0,0
0,0,0,0
0,0,0,0
0,0,0,0
0,0,0,0
0,0,0,0
0,0,0,0
0,0,0,0
0,0,0,0
0,0,0,0
0,0,0,0
0,0,0,0
0,0,0,0
0,0,0,0
0,0,0,0
0,0,0,0
0,0,0,0
0,0,0,0
0,0,0,0
0,0,0,0
23,31.010384925,4.52548655333333,25.1859036763689
31,34.12733764,4.20636907766667,30.2717119642087
17,4.00185624,4.83087187,17.6647652802856
177,62.3057022249999,1056.2904473934,192.68086820037
40,8.11210936499991,8.11646850033342,43.7030811118804
9,2.608026435,2.58278993,9.1139082149558
11,2.08622379,2.77776717,11.8950037593228
40,10.1042909449999,8.97380333166676,41.7769039816947
4,1.904431235,2.70491773,6.22130996441295
0,0,0,0
3,0.237657725,0.14998232,3.01442091751187
57,7.16715305500001,4.12915177371429,61.536768838093
49,12.160212775,10.3392156185714,52.6372376917963
0,0,0,0
0,0,0,0
0,0,0,0
0,0,0,0
0,0,0,0
0,0,0,0
0,0,0,0
0,0,0,0
0,0,0,0
0,0,0,0
0,0,0,0
0,0,0,0
0,0,0,0
0,0,0,0
0,0,0,0
0,0,0,0
0,0,0,0
0,0,0,0
0,0,0,0
0,0,0,0
0,0,0,0
0,0,0,0
0,0,0,0
0,0,0,0
0,0,0,0
0,0,0,0
0,0,0,0
0,0,0,0
0,0,0,0
0,0,0,0
0,0,0,0
0,0,0,0
0,0,0,0
0,0,0,0
0,0,0,0
0,0,0,0
0,0,0,0
0,0,0,0
0,0,0,0
0,0,0,0
0,0,0,0
0,0,0,0
0,0,0,0
0,0,0,0
0,0,0,0
1,0.15607884,0.17444912,1.14348462173834
11,1.392390075,1.73599345666666,11.0169151388359
0,0,0,0
0,0,0,0
64,11.6887844999999,9.56888924666675,65.2490503861779
29,4.11988382999991,4.45527147833343,29.4147617659534
38,9.9912114349999,6.45134139000009,43.8965600935703
35,9.23573622499991,7.00665119166676,42.6739946612736
2,0.486317045,0.64573464,2.32872775411149
2,36.376904605,72.63451502,2.08952627772064
9,37.576711975,73.6945273766667,12.7053769604046
14,1.831277445,1.51207197666667,16.7591919182143
0,0,0,0
0,0,0,0
0,0,0,0
0,0,0,0
0,0,0,0
0,0,0,0
0,0,0,0
0,0,0,0
0,0,0,0
0,0,0,0
0,0,0,0
0,0,0,0
0,0,0,0
0,0,0,0
0,0,0,0
0,0,0,0
0,0,0,0
0,0,0,0
0,0,0,0
0,0,0,0
0,0,0,0
0,0,0,0
0,0,0,0
0,0,0,0
0,0,0,0
0,0,0,0
0,0,0,0
0,0,0,0
0,0,0,0
0,0,0,0
0,0,0,0
0,0,0,0
0,0,0,0
0,0,0,0
0,0,0,0
0,0,0,0
0,0,0,0
0,0,0,0
0,0,0,0
0,0,0,0
0,0,0,0
0,0,0,0
0,0,0,0
0,0,0,0
0,0,0,0
0,0,0,0
25,5.58921532,3.86015697333333,25.6361944086969
30,4.873470385,3.76542340166667,30.9110417356059
15,3.28680775,3.06962912333333,14.3388649099575
23,4.763980565,2.60693048333333,24.0500874107545
7,2.405328335,2.83205691,6.77995104940296
13,1.95264505499991,1.97952857000009,12.5065666390727
20,1.58981161000001,1.44287515333334,23.2485403102713
1,0.086012965,0.12268391,0.713718125837097
0,0,0,0
1,0.156738065,0.16688081,1.17542825258227
0,0,0,0
0,0,0,0
0,0,0,0
0,0,0,0
0,0,0,0
0,0,0,0
0,0,0,0
0,0,0,0
0,0,0,0
0,0,0,0
0,0,0,0
0,0,0,0
0,0,0,0
0,0,0,0
0,0,0,0
0,0,0,0
0,0,0,0
0,0,0,0
0,0,0,0
0,0,0,0
0,0,0,0
0,0,0,0
0,0,0,0
0,0,0,0
0,0,0,0
0,0,0,0
0,0,0,0
0,0,0,0
0,0,0,0
0,0,0,0
0,0,0,0
0,0,0,0
0,0,0,0
0,0,0,0
0,0,0,0
0,0,0,0
0,0,0,0
0,0,0,0
0,0,0,0
0,0,0,0
0,0,0,0
0,0,0,0
0,0,0,0
35,5.21932846,4.55509768866667,35.2731313305556
9,29.365644885,3.55915718,7.56697487483692
2,0.579992565,0.6057453,1.46289110954538
63,10.3060621099999,7.03567933571438,65.3952188725879
27,4.73493651,3.532490685,25.9473333949661
22,2.684053245,1.407713185,21.3088306010605
15,2.89290985,3.34520825,16.8165269856461
4,0.722314165,0.93589404,4.31549869228119
10,1.46981613499991,1.21354701000009,10.4441583429804
4,0.4704121,0.79868412,4.97762788733556
2,0.21557543,0.27349598,1.65181962900983
0,0,0,0
0,0,0,0
0,0,0,0
0,0,0,0
0,0,0,0
0,0,0,0
0,0,0,0
0,0,0,0
0,0,0,0
0,0,0,0
0,0,0,0
0,0,0,0
0,0,0,0
0,0,0,0
0,0,0,0
0,0,0,0
0,0,0,0
0,0,0,0
0,0,0,0
0,0,0,0
0,0,0,0
0,0,0,0
0,0,0,0
0,0,0,0
0,0,0,0
0,0,0,0
0,0,0,0
0,0,0,0
0,0,0,0
0,0,0,0
0,0,0,0
0,0,0,0
0,0,0,0
0,0,0,0
0,0,0,0
0,0,0,0
0,0,0,0
0,0,0,0
0,0,0,0
0,0,0,0
0,0,0,0
0,0,0,0
0,0,0,0
0,0,0,0
1,0.21782176,0.21114524,0.96860690232932
12,1.688052665,0.660634723999999,13.6106918538389
32,40.0294130849998,3.08257464551528,32.3937205625005
9,1.440030645,1.26963858333333,8.83160697752471
85,47.4545446899999,79.0110656675888,82.2322032914011
65,8.43649683999993,6.16879015088898,63.1443150501366
45,6.14064678999991,4.80807235877787,47.8978700162087
61,10.5310990699999,7.07232680666676,64.9337370366236
18,38.034926155,73.0421100032143,17.3689584402767
0,0,0,0
11,0.867850284999998,0.997842097333331,13.5910614488003
1,0.129562465,0.15081207,0.938101503172731
0,0,0,0
0,0,0,0
0,0,0,0
0,0,0,0
0,0,0,0
0,0,0,0
0,0,0,0
0,0,0,0
0,0,0,0
0,0,0,0
0,0,0,0
0,0,0,0
0,0,0,0
0,0,0,0
0,0,0,0
0,0,0,0
0,0,0,0
0,0,0,0
0,0,0,0
0,0,0,0
0,0,0,0
0,0,0,0
0,0,0,0
0,0,0,0
0,0,0,0
0,0,0,0
0,0,0,0
0,0,0,0
0,0,0,0
0,0,0,0
0,0,0,0
0,0,0,0
0,0,0,0
0,0,0,0
0,0,0,0
0,0,0,0
0,0,0,0
0,0,0,0
0,0,0,0
0,0,0,0
0,0,0,0
0,0,0,0
0,0,0,0
0,0,0,0
1,0.47912945,0.69635807,0.765201040302298
0,0,0,0
0,0,0,0
0,0,0,0
1,0.035226265,0.04654964,1.04383360658535
1,0.020203615,0.05048483,1.04401691607435
31,4.58163420499991,2.48389668666676,34.2149186475
22,4.62293893499982,4.49305133866677,23.7588242953785
51,41.4229552849999,75.6584306984244,53.527085204461
16,3.20282473,3.01540130666666,14.9290846171293
24,4.844323675,5.03499794666666,22.9978466361808
3,0.465092915,0.34812343,2.46313424344109
0,0,0,0
0,0,0,0
0,0,0,0
0,0,0,0
0,0,0,0
0,0,0,0
0,0,0,0
0,0,0,0
0,0,0,0
0,0,0,0
0,0,0,0
0,0,0,0
0,0,0,0
0,0,0,0
0,0,0,0
0,0,0,0
0,0,0,0
0,0,0,0
0,0,0,0
0,0,0,0
0,0,0,0
0,0,0,0
0,0,0,0
0,0,0,0
0,0,0,0
0,0,0,0
0,0,0,0
0,0,0,0
0,0,0,0
0,0,0,0
0,0,0,0
0,0,0,0
0,0,0,0
0,0,0,0
0,0,0,0
0,0,0,0
0,0,0,0
0,0,0,0
0,0,0,0
0,0,0,0
0,0,0,0
0,0,0,0
0,0,0,0
0,0,0,0
0,0,0,0
0,0,0,0
8,1.216804715,1.54889211,8.54108751709799
8,1.088994735,0.967942208333333,7.91198450118194
3,0.403060225,0.2428171,2.63125343471619
2,0.252692505,0.3601402,1.9984993235667
44,57.1584085649999,1565.79392395337,42.5212047864988
3,0.65710993,0.3510373,3.31599828460844
3,0.732661155,0.21952402,2.78759348695985
26,5.4633149049999,5.43127930000009,29.6926931540291
18,38.785286765,74.059386616,20.0793823131276
36,7.82218596499991,7.56810647933342,41.6665015175089
34,6.17222768499991,4.24415716933343,35.2269278485009
76,8.89256292,6.88518761910623,75.0827410389678
2,36.17857587,72.35723081,2.09587781835915
7,0.76382616,0.85485333,7.05936429511192
0,0,0,0
0,0,0,0
0,0,0,0
0,0,0,0
0,0,0,0
0,0,0,0
0,0,0,0
0,0,0,0
0,0,0,0
0,0,0,0
0,0,0,0
0,0,0,0
0,0,0,0
0,0,0,0
0,0,0,0
0,0,0,0
0,0,0,0
0,0,0,0
0,0,0,0
0,0,0,0
0,0,0,0
0,0,0,0
0,0,0,0
0,0,0,0
0,0,0,0
0,0,0,0
0,0,0,0
0,0,0,0
0,0,0,0
0,0,0,0
0,0,0,0
0,0,0,0
0,0,0,0
0,0,0,0
0,0,0,0
0,0,0,0
0,0,0,0
0,0,0,0
0,0,0,0
0,0,0,0
0,0,0,0
0,0,0,0
0,0,0,0
0,0,0,0
0,0,0,0
13,2.613667125,2.05103945,13.3039798056997
23,2.919246605,2.774810862,22.6822564167518
20,2.60422332,1.75579884,17.9253636440143
35,4.05982028999999,4.26885088845238,33.8480675008082
17,1.337034865,1.10105229833333,16.0019832067537
23,4.4307814,3.12386279071429,20.1608591621287
19,2.17372461,2.220483788,16.7851329148756
28,39.3020724749999,74.133925102262,28.2523331292115
37,4.80529941,3.29523668066667,35.982300103116
142,54.70082439,11.3899085230553,151.547662145273
31,3.721924525,2.42056562733333,41.710532896266
0,0,0,0
0,0,0,0
0,0,0,0
0,0,0,0
0,0,0,0
0,0,0,0
0,0,0,0
0,0,0,0
0,0,0,0
0,0,0,0
0,0,0,0
0,0,0,0
0,0,0,0
0,0,0,0
0,0,0,0
0,0,0,0
0,0,0,0
0,0,0,0
0,0,0,0
0,0,0,0
0,0,0,0
0,0,0,0
0,0,0,0
0,0,0,0
0,0,0,0
0,0,0,0
0,0,0,0
0,0,0,0
0,0,0,0
0,0,0,0
0,0,0,0
0,0,0,0
0,0,0,0
0,0,0,0
0,0,0,0
0,0,0,0
0,0,0,0
0,0,0,0
0,0,0,0
0,0,0,0
0,0,0,0
0,0,0,0
0,0,0,0
0,0,0,0
0,0,0,0
35,3.598943605,3.83172902042424,39.3016515952902
56,9.74090413,6.66490589736363,57.6506936913674
102,101.598020075,1642.80929909732,104.571110498022
22,2.072654695,2.01265656,25.7225295225327
2,0.15846191,0.19798135,1.8120313110108
37,42.33842824,75.3709222503333,41.6088874966335
41,5.85532588999991,6.03367101444453,48.1049432036936
24,3.732400845,2.97211440933333,29.6161752616434
0,0,0,0
0,0,0,0
0,0,0,0
0,0,0,0
0,0,0,0
0,0,0,0
0,0,0,0
0,0,0,0
0,0,0,0
0,0,0,0
0,0,0,0
0,0,0,0
0,0,0,0
0,0,0,0
0,0,0,0
0,0,0,0
0,0,0,0
0,0,0,0
0,0,0,0
0,0,0,0
0,0,0,0
0,0,0,0
0,0,0,0
0,0,0,0
0,0,0,0
0,0,0,0
0,0,0,0
0,0,0,0
0,0,0,0
0,0,0,0
0,0,0,0
0,0,0,0
0,0,0,0
0,0,0,0
0,0,0,0
0,0,0,0
0,0,0,0
0,0,0,0
0,0,0,0
0,0,0,0
0,0,0,0
0,0,0,0
0,0,0,0
4,0.48244481,0.56368306,4.67591512432262
24,4.15182458,3.52873749833333,23.4897002590213
34,3.53014472,3.50585660386796,40.8008594766275
84,11.698115555,8.38716422880586,92.2319038392495
83,44.7044388849999,1640.56037570872,85.0268202140899
25,3.15731518,2.98830339333333,22.5823036307152
71,43.7822729899998,4.63317414502392,74.6246512900553
88,45.7470780649999,79.3823944498975,89.7922478851894
6,0.396150945,0.43763317,10.023100910199
4,0.144894395,0.22026069,3.82932029661711
0,0,0,0
0,0,0,0
0,0,0,0
0,0,0,0
0,0,0,0
0,0,0,0
0,0,0,0
0,0,0,0
0,0,0,0
0,0,0,0
0,0,0,0
0,0,0,0
0,0,0,0
0,0,0,0
0,0,0,0
0,0,0,0
0,0,0,0
0,0,0,0
0,0,0,0
0,0,0,0
0,0,0,0
0,0,0,0
0,0,0,0
0,0,0,0
0,0,0,0
0,0,0,0
0,0,0,0
0,0,0,0
0,0,0,0
0,0,0,0
0,0,0,0
0,0,0,0
0,0,0,0
0,0,0,0
0,0,0,0
0,0,0,0
0,0,0,0
0,0,0,0
0,0,0,0
0,0,0,0
0,0,0,0
0,0,0,0
13,2.00201171,2.210218305,12.2003417832341
114,12.858184145,8.2120863519599,118.790487980543
118,47.5786905449998,1569.16123548557,119.539673117977
36,41.01380302,3.02780364166667,36.3907786990819
43,43.35383954,4.96329046133334,41.5867945604497
8,0.761085865,0.842087893333333,9.95874588870163
47,7.86955069499991,5.79557019066676,50.5806434799377
28,5.38015965000004,3.93083545500015,27.5080637129981
7,0.42474347,0.340859,6.17412455944657
0,0,0,0
0,0,0,0
0,0,0,0
0,0,0,0
0,0,0,0
0,0,0,0
0,0,0,0
0,0,0,0
0,0,0,0
0,0,0,0
0,0,0,0
0,0,0,0
0,0,0,0
0,0,0,0
0,0,0,0
0,0,0,0
0,0,0,0
0,0,0,0
0,0,0,0
0,0,0,0
0,0,0,0
0,0,0,0
0,0,0,0
0,0,0,0
0,0,0,0
0,0,0,0
0,0,0,0
0,0,0,0
0,0,0,0
0,0,0,0
0,0,0,0
0,0,0,0
0,0,0,0
0,0,0,0
0,0,0,0
0,0,0,0
0,0,0,0
0,0,0,0
0,0,0,0
0,0,0,0
0,0,0,0
0,0,0,0
0,0,0,0
19,1.607935635,1.65247163428571,17.0161198224129
90,45.4564063299999,4.62594503383344,96.5047810716682
23,39.75705568,2.62064034666667,25.1083127853065
80,11.418604855,6.64202460066674,83.211003350388
42,7.781668145,6.767654357,44.6531798871508
20,5.59617608999991,5.03540613666676,21.0493185086163
0,0,0,0
0,0,0,0
0,0,0,0
0,0,0,0
0,0,0,0
0,0,0,0
0,0,0,0
0,0,0,0
0,0,0,0
0,0,0,0
0,0,0,0
0,0,0,0
0,0,0,0
0,0,0,0
0,0,0,0
0,0,0,0
0,0,0,0
0,0,0,0
0,0,0,0
0,0,0,0
0,0,0,0
0,0,0,0
0,0,0,0
0,0,0,0
0,0,0,0
0,0,0,0
0,0,0,0
0,0,0,0
0,0,0,0
0,0,0,0
0,0,0,0
0,0,0,0
0,0,0,0
0,0,0,0
0,0,0,0
0,0,0,0
0,0,0,0
0,0,0,0
0,0,0,0
0,0,0,0
0,0,0,0
0,0,0,0
0,0,0,0
0,0,0,0
0,0,0,0
42,9.47277439999999,8.41878111,41.9402666668823
38,33.90492102,5.346057811,37.2739552720279
50,42.15163191,75.2600613242858,55.0732949460253
11,2.33436128,2.87839595333333,9.95442336486566
19,2.66731687,2.48370452533333,21.1433348593479
25,3.949655095,2.99736801266667,27.5116291277198
17,2.82567752,2.33811253266667,16.9708876244848
0,0,0,0
0,0,0,0
0,0,0,0
0,0,0,0
0,0,0,0
0,0,0,0
0,0,0,0
0,0,0,0
0,0,0,0
0,0,0,0
0,0,0,0
0,0,0,0
0,0,0,0
0,0,0,0
0,0,0,0
0,0,0,0
0,0,0,0
0,0,0,0
0,0,0,0
0,0,0,0
0,0,0,0
0,0,0,0
0,0,0,0
0,0,0,0
0,0,0,0
0,0,0,0
0,0,0,0
0,0,0,0
0,0,0,0
0,0,0,0
0,0,0,0
0,0,0,0
0,0,0,0
0,0,0,0
0,0,0,0
0,0,0,0
0,0,0,0
0,0,0,0
0,0,0,0
0,0,0,0
0,0,0,0
0,0,0,0
0,0,0,0
0,0,0,0
68,65.6564667,6.5258341805641,68.6268032665313
107,65.736151745,7.21397926166674,117.355562065788
138,131.101067525,1644.1659685131,148.667579060063
146,26.18426427,11.7551326146322,154.433554185287
27,6.38583369999999,5.45702089933333,25.9838319529133
0,0,0,0
0,0,0,0
0,0,0,0
0,0,0,0
0,0,0,0
0,0,0,0
0,0,0,0
0,0,0,0
0,0,0,0
0,0,0,0
0,0,0,0
0,0,0,0
0,0,0,0
0,0,0,0
0,0,0,0
0,0,0,0
0,0,0,0
0,0,0,0
0,0,0,0
0,0,0,0
0,0,0,0
0,0,0,0
0,0,0,0
0,0,0,0
0,0,0,0
0,0,0,0
0,0,0,0
0,0,0,0
0,0,0,0
0,0,0,0
0,0,0,0
0,0,0,0
0,0,0,0
0,0,0,0
0,0,0,0
0,0,0,0
0,0,0,0
0,0,0,0
0,0,0,0
0,0,0,0
0,0,0,0
0,0,0,0
0,0,0,0
0,0,0,0
0,0,0,0
12,2.209348385,2.62577497333333,12.6600748037759
71,12.00262466,8.50561384533326,72.5832255431015
42,10.089500705,9.01815763333333,44.7252499500465
9,3.33440459,2.11248172,9.63308195470588
54,37.853967105,5.00087367523809,59.4412080182991
103,44.00655031,8.30060312347436,107.593719376789
166,82.80939451,1575.94085046524,183.225030320298
164,53.9904814649998,1576.42844883808,182.267097749768
29,4.449834525,3.30562374857143,34.5989336040933
44,6.149101545,3.51648932387879,48.299743642288
4,0.48018806,0.82400362,2.81278910420146
0,0,0,0
0,0,0,0
0,0,0,0
0,0,0,0
0,0,0,0
0,0,0,0
0,0,0,0
0,0,0,0
0,0,0,0
0,0,0,0
0,0,0,0
0,0,0,0
0,0,0,0
0,0,0,0
0,0,0,0
0,0,0,0
0,0,0,0
0,0,0,0
0,0,0,0
0,0,0,0
0,0,0,0
0,0,0,0
0,0,0,0
0,0,0,0
0,0,0,0
0,0,0,0
0,0,0,0
0,0,0,0
0,0,0,0
0,0,0,0
0,0,0,0
0,0,0,0
0,0,0,0
0,0,0,0
0,0,0,0
0,0,0,0
0,0,0,0
0,0,0,0
0,0,0,0
0,0,0,0
0,0,0,0
0,0,0,0
0,0,0,0
1,0.12313004,0.20932813,1.06039782039397
14,1.946028265,1.60948131,15.4318903256828
3,0.22211194,0.27292575,3.3922231139906
14,3.79467451,3.71035283,13.5689342765434
17,1.79907957,1.46867460333333,16.3732937675351
69,11.7250653,7.32372614233333,70.7693790037846
60,8.00436386500004,6.94961555409539,66.2471233330087
112,19.8264409750002,10.6000947975239,119.29667127195
72,11.46265492,5.99167508952396,78.5171751957882
0,0,0,0
0,0,0,0
0,0,0,0
0,0,0,0
0,0,0,0
0,0,0,0
0,0,0,0
0,0,0,0
0,0,0,0
0,0,0,0
0,0,0,0
0,0,0,0
0,0,0,0
0,0,0,0
0,0,0,0
0,0,0,0
0,0,0,0
0,0,0,0
0,0,0,0
0,0,0,0
0,0,0,0
0,0,0,0
0,0,0,0
0,0,0,0
0,0,0,0
0,0,0,0
0,0,0,0
0,0,0,0
0,0,0,0
0,0,0,0
0,0,0,0
0,0,0,0
0,0,0,0
0,0,0,0
0,0,0,0
0,0,0,0
0,0,0,0
0,0,0,0
0,0,0,0
0,0,0,0
0,0,0,0
0,0,0,0
0,0,0,0
0,0,0,0
0,0,0,0
22,3.333057675,4.26308403666667,21.925846167923
52,10.331820555,6.50126327266666,55.2724951541188
1,0.12190001,0.16932769,0.975921586992887
133,47.86811192,11.2736869939574,145.841269182124
45,7.29353393,6.01014826433333,53.7014872045141
41,4.21643941,2.44512882742857,48.0055728497362
0,0,0,0
0,0,0,0
0,0,0,0
0,0,0,0
0,0,0,0
0,0,0,0
0,0,0,0
0,0,0,0
0,0,0,0
0,0,0,0
0,0,0,0
0,0,0,0
0,0,0,0
0,0,0,0
0,0,0,0
0,0,0,0
0,0,0,0
0,0,0,0
0,0,0,0
0,0,0,0
0,0,0,0
0,0,0,0
0,0,0,0
0,0,0,0
0,0,0,0
0,0,0,0
0,0,0,0
0,0,0,0
0,0,0,0
0,0,0,0
0,0,0,0
0,0,0,0
0,0,0,0
0,0,0,0
0,0,0,0
0,0,0,0
0,0,0,0
0,0,0,0
0,0,0,0
0,0,0,0
0,0,0,0
0,0,0,0
0,0,0,0
0,0,0,0
5,0.874989175,0.99052537,5.02023789672542
5,0.95823855,1.43811864,5.01463550684525
4,0.577944824999899,0.615570079999998,4.7274294428766
15,2.108083665,1.62124527,18.2394647907189
4,0.425349325,0.47877377,3.95611943151515
37,4.47356761,3.65945717566667,39.2397654228287
21,6.55558774,5.45362092333333,22.5574849374673
34,4.142868265,3.19661232222222,37.9146485855767
54,10.8231065400002,7.13690365044454,58.2517410165263
7,0.337527175,0.42006247,6.49850821509536
0,0,0,0
0,0,0,0
0,0,0,0
0,0,0,0
0,0,0,0
0,0,0,0
0,0,0,0
0,0,0,0
0,0,0,0
0,0,0,0
0,0,0,0
0,0,0,0
0,0,0,0
0,0,0,0
0,0,0,0
0,0,0,0
0,0,0,0
0,0,0,0
0,0,0,0
0,0,0,0
0,0,0,0
0,0,0,0
0,0,0,0
0,0,0,0
0,0,0,0
0,0,0,0
0,0,0,0
0,0,0,0
0,0,0,0
0,0,0,0
0,0,0,0
0,0,0,0
0,0,0,0
0,0,0,0
0,0,0,0
0,0,0,0
0,0,0,0
0,0,0,0
0,0,0,0
0,0,0,0
0,0,0,0
0,0,0,0
0,0,0,0
14,1.6330339299999,1.44342208833333,14.1380958059015
8,1.686123045,1.22059895,6.81806665522872
6,1.10724408,1.65394377,6.22568292307173
14,4.37077661,4.30661643333333,14.1813022464675
27,8.20924802499989,6.99816464333334,28.1604990013556
35,10.15946937,6.13066933666667,37.9804259325261
34,4.47380593,4.37460635833333,39.3403047483003
194,26.892246415,12.1760764932771,211.934942759819
65,10.056521515,7.20188411992872,68.4089961825548
35,5.23926958500004,4.60464237666682,36.7587686309297
0,0,0,0
0,0,0,0
0,0,0,0
0,0,0,0
0,0,0,0
0,0,0,0
0,0,0,0
0,0,0,0
0,0,0,0
0,0,0,0
0,0,0,0
0,0,0,0
0,0,0,0
0,0,0,0
0,0,0,0
0,0,0,0
0,0,0,0
0,0,0,0
0,0,0,0
0,0,0,0
0,0,0,0
0,0,0,0
0,0,0,0
0,0,0,0
0,0,0,0
0,0,0,0
0,0,0,0
0,0,0,0
0,0,0,0
0,0,0,0
0,0,0,0
0,0,0,0
0,0,0,0
0,0,0,0
0,0,0,0
0,0,0,0
0,0,0,0
0,0,0,0
0,0,0,0
0,0,0,0
0,0,0,0
0,0,0,0
0,0,0,0
0,0,0,0
6,1.714949435,2.45102056,5.26813044519658
3,0.470736015,0.68732369,3.31672977949868
21,5.123367345,4.82189309,21.3001990849485
57,8.42879731500004,6.13839587476183,58.6164116829494
47,9.017388865,7.59747625571428,48.4802157600103
32,40.403680135,4.41672766333333,33.5265693383674
119,19.183919345,9.45918704838911,129.660160565433
22,5.90583882999999,4.02193954333334,20.9902815965849
24,1.252092555,1.05315355214286,27.3212577836208
0,0,0,0
0,0,0,0
0,0,0,0
0,0,0,0
0,0,0,0
0,0,0,0
0,0,0,0
0,0,0,0
0,0,0,0
0,0,0,0
0,0,0,0
0,0,0,0
0,0,0,0
0,0,0,0
0,0,0,0
0,0,0,0
0,0,0,0
0,0,0,0
0,0,0,0
0,0,0,0
0,0,0,0
0,0,0,0
0,0,0,0
0,0,0,0
0,0,0,0
0,0,0,0
0,0,0,0
0,0,0,0
0,0,0,0
0,0,0,0
0,0,0,0
0,0,0,0
0,0,0,0
0,0,0,0
0,0,0,0
0,0,0,0
0,0,0,0
0,0,0,0
0,0,0,0
0,0,0,0
0,0,0,0
0,0,0,0
0,0,0,0
0,0,0,0
0,0,0,0
0,0,0,0
3,0.305253965,0.25827394,2.93245442007366
0,0,0,0
9,2.54975046,3.19567291,9.15461145031545
10,2.223983905,2.40532719,9.49836364748903
47,5.785111945,3.62011394,52.0524849286179
29,40.925808465,76.3629909666667,28.0160792916132
32,6.029662555,5.44938337,33.8776914054347
131,47.97897033,11.8507803676366,141.157976308013
44,72.78189332,81.189333453,51.0974738254544
7,0.81280518,1.01159058,6.28726594933424
0,0,0,0
0,0,0,0
0,0,0,0
0,0,0,0
0,0,0,0
0,0,0,0
0,0,0,0
0,0,0,0
0,0,0,0
0,0,0,0
0,0,0,0
0,0,0,0
0,0,0,0
0,0,0,0
0,0,0,0
0,0,0,0
0,0,0,0
0,0,0,0
0,0,0,0
0,0,0,0
0,0,0,0
0,0,0,0
0,0,0,0
0,0,0,0
0,0,0,0
0,0,0,0
0,0,0,0
0,0,0,0
0,0,0,0
0,0,0,0
0,0,0,0
0,0,0,0
0,0,0,0
0,0,0,0
0,0,0,0
0,0,0,0
0,0,0,0
0,0,0,0
0,0,0,0
0,0,0,0
0,0,0,0
0,0,0,0
0,0,0,0
0,0,0,0
0,0,0,0
0,0,0,0
0,0,0,0
3,0.91619377,0.73284327,2.99328275257285
12,1.98747301,2.26699389,11.1062492769398
14,2.90740203,3.66733233,14.4292093227977
24,3.29524453,2.55779802533333,21.492210418021
56,46.02081303,79.4793408009524,67.4676640580253
49,41.9971992899998,75.7778748165557,56.6191237840077
26,3.32094677500001,3.00090029833334,28.190887556998
50,11.9926793449999,9.55878833500009,53.3592464932652
0,0,0,0
0,0,0,0
0,0,0,0
0,0,0,0
0,0,0,0
0,0,0,0
0,0,0,0
0,0,0,0
0,0,0,0
0,0,0,0
0,0,0,0
0,0,0,0
0,0,0,0
0,0,0,0
0,0,0,0
0,0,0,0
0,0,0,0
0,0,0,0
0,0,0,0
0,0,0,0
0,0,0,0
0,0,0,0
0,0,0,0
0,0,0,0
0,0,0,0
0,0,0,0
0,0,0,0
0,0,0,0
0,0,0,0
0,0,0,0
0,0,0,0
0,0,0,0
0,0,0,0
0,0,0,0
0,0,0,0
0,0,0,0
0,0,0,0
0,0,0,0
0,0,0,0
0,0,0,0
0,0,0,0
0,0,0,0
0,0,0,0
0,0,0,0
0,0,0,0
0,0,0,0
0,0,0,0
0,0,0,0
5,0.705334265,1.01888785,5.95537095488696
18,5.25665562,5.57811741333333,19.4160903025172
14,3.400013285,2.73179442166667,14.1581796631682
45,4.356223925,2.85632332561905,46.1540423460011
24,38.47125915,74.093237454,27.0494812487135
9,2.08527036,2.26689688,7.98717544329505
0,0,0,0
0,0,0,0
0,0,0,0
0,0,0,0
0,0,0,0
0,0,0,0
0,0,0,0
0,0,0,0
0,0,0,0
0,0,0,0
0,0,0,0
0,0,0,0
0,0,0,0
0,0,0,0
0,0,0,0
0,0,0,0
0,0,0,0
0,0,0,0
0,0,0,0
0,0,0,0
0,0,0,0
0,0,0,0
0,0,0,0
0,0,0,0
0,0,0,0
0,0,0,0
0,0,0,0
0,0,0,0
0,0,0,0
0,0,0,0
0,0,0,0
0,0,0,0
0,0,0,0
0,0,0,0
0,0,0,0
0,0,0,0
0,0,0,0
0,0,0,0
0,0,0,0
0,0,0,0
0,0,0,0
0,0,0,0
0,0,0,0
0,0,0,0
0,0,0,0
0,0,0,0
0,0,0,0
0,0,0,0
8,0.917518375,0.825627983333333,8.53525848717369
8,0.949106515,0.95586395,8.37792359436602
8,1.06888172,1.04997346,7.90685012299241
15,4.40359882,3.9608553,14.1937989815094
48,44.95206441,79.3562224985714,48.7939036922703
41,42.9917059799998,1567.19750225567,45.5126938381488
3,0.29003804,0.38504939,4.99934771161827
0,0,0,0
0,0,0,0
0,0,0,0
0,0,0,0
0,0,0,0
0,0,0,0
0,0,0,0
0,0,0,0
0,0,0,0
0,0,0,0
0,0,0,0
0,0,0,0
0,0,0,0
0,0,0,0
0,0,0,0
0,0,0,0
0,0,0,0
0,0,0,0
0,0,0,0
0,0,0,0
0,0,0,0
0,0,0,0
0,0,0,0
0,0,0,0
0,0,0,0
0,0,0,0
0,0,0,0
0,0,0,0
0,0,0,0
0,0,0,0
0,0,0,0
0,0,0,0
0,0,0,0
0,0,0,0
0,0,0,0
0,0,0,0
0,0,0,0
0,0,0,0
0,0,0,0
0,0,0,0
0,0,0,0
0,0,0,0
0,0,0,0
0,0,0,0
0,0,0,0
0,0,0,0
0,0,0,0
0,0,0,0
0,0,0,0
0,0,0,0
0,0,0,0
0,0,0,0
6,0.794900089999899,0.933268409999998,6.30726003043607
95,15.063474325,7.80083002871429,103.653454099505
11,1.833888845,0.68219758,11.5505254865832
15,3.111796925,2.281189235,16.1379043017238
0,0,0,0
0,0,0,0
0,0,0,0
0,0,0,0
0,0,0,0
0,0,0,0
0,0,0,0
0,0,0,0
0,0,0,0
0,0,0,0
0,0,0,0
0,0,0,0
0,0,0,0
0,0,0,0
0,0,0,0
0,0,0,0
0,0,0,0
0,0,0,0
0,0,0,0
0,0,0,0
0,0,0,0
0,0,0,0
0,0,0,0
0,0,0,0
0,0,0,0
0,0,0,0
0,0,0,0
0,0,0,0
0,0,0,0
0,0,0,0
0,0,0,0
0,0,0,0
0,0,0,0
0,0,0,0
0,0,0,0
0,0,0,0
0,0,0,0
0,0,0,0
0,0,0,0
0,0,0,0
0,0,0,0
0,0,0,0
0,0,0,0
0,0,0,0
0,0,0,0
0,0,0,0
0,0,0,0
0,0,0,0
0,0,0,0
0,0,0,0
0,0,0,0
0,0,0,0
0,0,0,0
0,0,0,0
3,0.55784276,0.64253767,3.24444999435949
8,2.047785285,2.6470251,7.23760477766718
7,1.19793781,1.60393590666667,6.93731695225117
17,2.618967615,2.61003598666667,16.6759580997578
0,0,0,0
0,0,0,0
0,0,0,0
0,0,0,0
0,0,0,0
0,0,0,0
0,0,0,0
0,0,0,0
0,0,0,0
0,0,0,0
0,0,0,0
0,0,0,0
0,0,0,0
0,0,0,0
0,0,0,0
0,0,0,0
0,0,0,0
0,0,0,0
0,0,0,0
0,0,0,0
0,0,0,0
0,0,0,0
0,0,0,0
0,0,0,0
0,0,0,0
0,0,0,0
0,0,0,0
0,0,0,0
0,0,0,0
0,0,0,0
0,0,0,0
0,0,0,0
0,0,0,0
0,0,0,0
0,0,0,0
0,0,0,0
0,0,0,0
0,0,0,0
0,0,0,0
0,0,0,0
0,0,0,0
0,0,0,0
0,0,0,0
0,0,0,0
0,0,0,0
0,0,0,0
0,0,0,0
0,0,0,0
0,0,0,0
0,0,0,0
0,0,0,0
0,0,0,0
0,0,0,0
0,0,0,0
0,0,0,0
0,0,0,0
0,0,0,0
0,0,0,0
0,0,0,0
0,0,0,0
0,0,0,0
0,0,0,0
0,0,0,0
0,0,0,0
0,0,0,0
0,0,0,0
0,0,0,0
0,0,0,0
0,0,0,0
0,0,0,0
0,0,0,0
0,0,0,0
0,0,0,0
0,0,0,0
0,0,0,0
0,0,0,0
0,0,0,0
0,0,0,0
0,0,0,0
0,0,0,0
0,0,0,0
0,0,0,0
0,0,0,0
0,0,0,0
0,0,0,0
0,0,0,0
0,0,0,0
0,0,0,0
0,0,0,0
0,0,0,0
0,0,0,0
0,0,0,0
0,0,0,0
0,0,0,0
0,0,0,0
0,0,0,0
0,0,0,0
0,0,0,0
0,0,0,0
0,0,0,0
0,0,0,0
0,0,0,0
0,0,0,0
0,0,0,0
0,0,0,0
0,0,0,0
0,0,0,0
0,0,0,0
0,0,0,0
0,0,0,0
0,0,0,0
0,0,0,0
0,0,0,0
0,0,0,0
0,0,0,0
0,0,0,0
0,0,0,0
0,0,0,0
0,0,0,0
0,0,0,0
0,0,0,0
0,0,0,0
0,0,0,0
0,0,0,0
0,0,0,0
0,0,0,0
0,0,0,0
0,0,0,0
0,0,0,0
0,0,0,0
0,0,0,0
0,0,0,0
0,0,0,0
0,0,0,0
0,0,0,0
0,0,0,0
0,0,0,0
0,0,0,0
0,0,0,0
0,0,0,0
0,0,0,0
0,0,0,0
0,0,0,0
0,0,0,0
0,0,0,0
0,0,0,0
0,0,0,0
0,0,0,0
0,0,0,0
0,0,0,0
0,0,0,0
0,0,0,0
0,0,0,0
0,0,0,0
0,0,0,0
0,0,0,0
0,0,0,0
0,0,0,0
0,0,0,0
0,0,0,0
0,0,0,0
0,0,0,0
0,0,0,0
0,0,0,0
0,0,0,0
0,0,0,0
0,0,0,0
0,0,0,0
0,0,0,0
0,0,0,0
0,0,0,0
0,0,0,0
0,0,0,0
0,0,0,0
0,0,0,0
0,0,0,0
0,0,0,0
0,0,0,0
0,0,0,0
0,0,0,0
0,0,0,0
0,0,0,0
0,0,0,0
0,0,0,0
0,0,0,0
0,0,0,0
0,0,0,0
0,0,0,0
0,0,0,0
0,0,0,0
0,0,0,0
0,0,0,0
0,0,0,0
0,0,0,0
0,0,0,0
0,0,0,0
0,0,0,0
0,0,0,0
0,0,0,0
0,0,0,0
0,0,0,0
0,0,0,0
0,0,0,0
0,0,0,0
0,0,0,0
0,0,0,0
0,0,0,0
0,0,0,0
0,0,0,0
0,0,0,0
0,0,0,0
0,0,0,0
0,0,0,0
0,0,0,0
0,0,0,0
0,0,0,0
0,0,0,0
0,0,0,0
0,0,0,0
0,0,0,0
0,0,0,0
0,0,0,0
0,0,0,0
0,0,0,0
0,0,0,0
0,0,0,0
0,0,0,0
0,0,0,0
0,0,0,0
0,0,0,0
0,0,0,0
0,0,0,0
0,0,0,0
0,0,0,0
0,0,0,0
0,0,0,0
0,0,0,0
0,0,0,0
0,0,0,0
0,0,0,0
0,0,0,0
0,0,0,0
0,0,0,0
0,0,0,0
0,0,0,0
0,0,0,0
0,0,0,0
0,0,0,0
0,0,0,0
0,0,0,0
0,0,0,0
0,0,0,0
0,0,0,0
0,0,0,0
0,0,0,0
0,0,0,0
0,0,0,0
0,0,0,0
0,0,0,0
0,0,0,0
0,0,0,0
0,0,0,0
0,0,0,0
0,0,0,0
0,0,0,0
0,0,0,0
0,0,0,0
0,0,0,0
0,0,0,0
0,0,0,0
0,0,0,0
0,0,0,0
0,0,0,0
0,0,0,0
0,0,0,0
0,0,0,0
0,0,0,0
0,0,0,0
0,0,0,0
0,0,0,0
0,0,0,0
0,0,0,0
0,0,0,0
0,0,0,0
0,0,0,0
0,0,0,0
0,0,0,0
0,0,0,0
0,0,0,0
0,0,0,0
0,0,0,0
0,0,0,0
0,0,0,0
0,0,0,0
0,0,0,0
0,0,0,0
0,0,0,0
0,0,0,0
0,0,0,0
0,0,0,0
0,0,0,0
0,0,0,0
0,0,0,0
0,0,0,0
0,0,0,0
0,0,0,0
0,0,0,0
0,0,0,0
0,0,0,0
0,0,0,0
0,0,0,0
0,0,0,0
0,0,0,0
0,0,0,0
0,0,0,0
0,0,0,0
0,0,0,0
0,0,0,0
0,0,0,0
0,0,0,0
0,0,0,0
0,0,0,0
0,0,0,0
0,0,0,0
0,0,0,0
0,0,0,0
0,0,0,0
0,0,0,0
0,0,0,0
0,0,0,0
0,0,0,0
0,0,0,0
0,0,0,0
0,0,0,0
0,0,0,0
0,0,0,0
0,0,0,0
0,0,0,0
0,0,0,0
0,0,0,0
0,0,0,0
0,0,0,0
0,0,0,0
0,0,0,0
0,0,0,0
0,0,0,0
0,0,0,0
0,0,0,0
0,0,0,0
0,0,0,0
0,0,0,0
0,0,0,0
0,0,0,0
0,0,0,0
0,0,0,0
0,0,0,0
0,0,0,0
0,0,0,0
0,0,0,0
0,0,0,0
0,0,0,0
0,0,0,0
0,0,0,0
0,0,0,0
0,0,0,0
0,0,0,0
0,0,0,0
0,0,0,0
0,0,0,0
0,0,0,0
0,0,0,0
0,0,0,0
0,0,0,0
0,0,0,0
0,0,0,0
0,0,0,0
0,0,0,0
0,0,0,0
0,0,0,0
0,0,0,0
0,0,0,0
0,0,0,0
0,0,0,0
0,0,0,0
0,0,0,0
0,0,0,0
0,0,0,0
0,0,0,0
0,0,0,0
0,0,0,0
0,0,0,0
0,0,0,0
0,0,0,0
0,0,0,0
0,0,0,0
0,0,0,0
0,0,0,0
0,0,0,0
0,0,0,0
0,0,0,0
0,0,0,0
0,0,0,0
0,0,0,0
0,0,0,0
0,0,0,0
0,0,0,0
0,0,0,0
0,0,0,0
0,0,0,0
0,0,0,0
0,0,0,0
0,0,0,0
0,0,0,0
0,0,0,0
0,0,0,0
0,0,0,0
0,0,0,0
0,0,0,0
0,0,0,0
0,0,0,0
0,0,0,0
0,0,0,0
0,0,0,0
0,0,0,0
0,0,0,0
0,0,0,0
0,0,0,0
0,0,0,0
0,0,0,0
0,0,0,0
0,0,0,0
0,0,0,0
0,0,0,0
0,0,0,0
0,0,0,0
0,0,0,0
0,0,0,0
0,0,0,0
0,0,0,0
0,0,0,0
0,0,0,0
0,0,0,0
0,0,0,0
0,0,0,0
0,0,0,0
0,0,0,0
0,0,0,0
0,0,0,0
0,0,0,0
0,0,0,0
0,0,0,0
0,0,0,0
0,0,0,0
0,0,0,0
0,0,0,0
0,0,0,0
0,0,0,0
0,0,0,0
0,0,0,0
0,0,0,0
0,0,0,0
0,0,0,0
0,0,0,0
0,0,0,0
0,0,0,0
0,0,0,0
0,0,0,0
0,0,0,0
0,0,0,0
0,0,0,0
0,0,0,0
0,0,0,0
0,0,0,0
0,0,0,0
0,0,0,0
0,0,0,0
0,0,0,0
0,0,0,0
0,0,0,0
0,0,0,0
0,0,0,0
0,0,0,0
0,0,0,0
0,0,0,0
0,0,0,0
0,0,0,0
0,0,0,0
0,0,0,0
0,0,0,0
0,0,0,0
0,0,0,0
0,0,0,0
0,0,0,0
0,0,0,0
0,0,0,0
0,0,0,0
0,0,0,0
0,0,0,0
0,0,0,0
0,0,0,0
0,0,0,0
0,0,0,0
0,0,0,0
0,0,0,0
0,0,0,0
0,0,0,0
0,0,0,0
0,0,0,0
0,0,0,0
0,0,0,0
0,0,0,0
0,0,0,0
0,0,0,0
0,0,0,0
0,0,0,0
0,0,0,0
0,0,0,0
0,0,0,0
0,0,0,0
0,0,0,0
0,0,0,0
0,0,0,0
0,0,0,0
0,0,0,0
0,0,0,0
0,0,0,0
0,0,0,0
0,0,0,0
0,0,0,0
0,0,0,0
0,0,0,0
0,0,0,0
0,0,0,0
0,0,0,0
0,0,0,0
0,0,0,0
0,0,0,0
0,0,0,0
0,0,0,0
0,0,0,0
0,0,0,0
0,0,0,0
0,0,0,0
0,0,0,0
0,0,0,0
0,0,0,0
0,0,0,0
0,0,0,0
0,0,0,0
0,0,0,0
0,0,0,0
0,0,0,0
0,0,0,0
0,0,0,0
0,0,0,0
0,0,0,0
0,0,0,0
0,0,0,0
0,0,0,0
0,0,0,0
0,0,0,0
0,0,0,0
0,0,0,0
0,0,0,0
0,0,0,0
0,0,0,0
0,0,0,0
0,0,0,0
0,0,0,0
0,0,0,0
0,0,0,0
0,0,0,0
0,0,0,0
0,0,0,0
0,0,0,0
0,0,0,0
0,0,0,0
0,0,0,0
0,0,0,0
0,0,0,0
0,0,0,0
0,0,0,0
0,0,0,0
0,0,0,0
0,0,0,0
0,0,0,0
0,0,0,0
0,0,0,0
0,0,0,0
0,0,0,0
0,0,0,0
0,0,0,0
0,0,0,0
0,0,0,0
0,0,0,0
0,0,0,0
0,0,0,0
0,0,0,0
0,0,0,0
0,0,0,0
0,0,0,0
0,0,0,0
0,0,0,0
0,0,0,0
0,0,0,0
0,0,0,0
0,0,0,0
0,0,0,0
0,0,0,0
0,0,0,0
0,0,0,0
0,0,0,0
0,0,0,0
0,0,0,0
0,0,0,0
0,0,0,0
0,0,0,0
0,0,0,0
0,0,0,0
0,0,0,0
0,0,0,0
0,0,0,0
0,0,0,0
0,0,0,0
0,0,0,0
0,0,0,0
0,0,0,0
0,0,0,0
0,0,0,0
0,0,0,0
0,0,0,0
0,0,0,0
0,0,0,0
0,0,0,0
0,0,0,0
0,0,0,0
0,0,0,0
0,0,0,0
0,0,0,0
0,0,0,0
0,0,0,0
0,0,0,0
0,0,0,0
0,0,0,0
0,0,0,0
0,0,0,0
0,0,0,0
0,0,0,0
0,0,0,0
0,0,0,0
0,0,0,0
0,0,0,0
0,0,0,0
0,0,0,0
0,0,0,0
0,0,0,0
0,0,0,0
0,0,0,0
0,0,0,0
0,0,0,0
0,0,0,0
0,0,0,0
0,0,0,0
0,0,0,0
0,0,0,0
0,0,0,0
0,0,0,0
0,0,0,0
0,0,0,0
0,0,0,0
0,0,0,0
0,0,0,0
0,0,0,0
0,0,0,0
0,0,0,0
0,0,0,0
0,0,0,0
0,0,0,0
0,0,0,0
0,0,0,0
0,0,0,0
0,0,0,0
0,0,0,0
0,0,0,0
0,0,0,0
0,0,0,0
0,0,0,0
0,0,0,0
0,0,0,0
0,0,0,0
0,0,0,0
0,0,0,0
0,0,0,0
0,0,0,0
0,0,0,0
0,0,0,0
0,0,0,0
0,0,0,0
0,0,0,0
0,0,0,0
0,0,0,0
0,0,0,0
0,0,0,0
0,0,0,0
0,0,0,0
0,0,0,0
0,0,0,0
0,0,0,0
0,0,0,0
0,0,0,0
0,0,0,0
0,0,0,0
0,0,0,0
0,0,0,0
0,0,0,0
0,0,0,0
0,0,0,0
0,0,0,0
0,0,0,0
0,0,0,0
0,0,0,0
0,0,0,0
0,0,0,0
0,0,0,0
0,0,0,0
0,0,0,0
0,0,0,0
0,0,0,0
0,0,0,0
0,0,0,0
0,0,0,0
0,0,0,0
0,0,0,0
0,0,0,0
0,0,0,0
0,0,0,0
0,0,0,0
0,0,0,0
0,0,0,0
0,0,0,0
0,0,0,0
0,0,0,0
0,0,0,0
0,0,0,0
0,0,0,0
0,0,0,0
0,0,0,0
0,0,0,0
0,0,0,0
0,0,0,0
0,0,0,0
0,0,0,0
0,0,0,0
0,0,0,0
0,0,0,0
0,0,0,0
0,0,0,0
0,0,0,0
0,0,0,0
0,0,0,0
0,0,0,0
0,0,0,0
0,0,0,0
0,0,0,0
0,0,0,0
0,0,0,0
0,0,0,0
0,0,0,0
0,0,0,0
0,0,0,0
0,0,0,0
0,0,0,0
0,0,0,0
0,0,0,0
0,0,0,0
0,0,0,0
0,0,0,0
0,0,0,0
0,0,0,0
0,0,0,0
0,0,0,0
0,0,0,0
0,0,0,0
0,0,0,0
0,0,0,0
0,0,0,0
0,0,0,0
0,0,0,0
0,0,0,0
0,0,0,0
0,0,0,0
0,0,0,0
0,0,0,0
0,0,0,0
0,0,0,0
0,0,0,0
0,0,0,0
0,0,0,0
0,0,0,0
0,0,0,0
0,0,0,0
0,0,0,0
0,0,0,0
0,0,0,0
0,0,0,0
0,0,0,0
0,0,0,0
0,0,0,0
0,0,0,0
0,0,0,0
0,0,0,0
0,0,0,0
0,0,0,0
0,0,0,0
0,0,0,0
0,0,0,0
0,0,0,0
0,0,0,0
0,0,0,0
0,0,0,0
0,0,0,0
0,0,0,0
0,0,0,0
0,0,0,0
0,0,0,0
0,0,0,0
0,0,0,0
0,0,0,0
0,0,0,0
0,0,0,0
0,0,0,0
0,0,0,0
0,0,0,0
0,0,0,0
0,0,0,0
0,0,0,0
0,0,0,0
0,0,0,0
0,0,0,0
0,0,0,0
0,0,0,0
0,0,0,0
0,0,0,0
0,0,0,0
0,0,0,0
0,0,0,0
0,0,0,0
0,0,0,0
0,0,0,0
0,0,0,0
0,0,0,0
0,0,0,0
0,0,0,0
0,0,0,0
0,0,0,0
0,0,0,0
0,0,0,0
0,0,0,0
0,0,0,0
0,0,0,0
0,0,0,0
0,0,0,0
0,0,0,0
0,0,0,0
0,0,0,0
0,0,0,0
0,0,0,0
0,0,0,0
0,0,0,0
0,0,0,0
0,0,0,0
0,0,0,0
0,0,0,0
0,0,0,0
0,0,0,0
0,0,0,0
0,0,0,0
0,0,0,0
0,0,0,0
0,0,0,0
0,0,0,0
0,0,0,0
0,0,0,0
0,0,0,0
0,0,0,0
0,0,0,0
0,0,0,0
0,0,0,0
0,0,0,0
0,0,0,0
0,0,0,0
0,0,0,0
0,0,0,0
0,0,0,0
0,0,0,0
0,0,0,0
0,0,0,0
0,0,0,0
0,0,0,0
0,0,0,0
0,0,0,0
0,0,0,0
0,0,0,0
0,0,0,0
0,0,0,0
0,0,0,0
0,0,0,0
0,0,0,0
0,0,0,0
0,0,0,0
0,0,0,0
0,0,0,0
0,0,0,0
0,0,0,0
0,0,0,0
0,0,0,0
0,0,0,0
0,0,0,0
0,0,0,0
0,0,0,0
0,0,0,0
0,0,0,0
0,0,0,0
0,0,0,0
0,0,0,0
0,0,0,0
0,0,0,0
0,0,0,0
0,0,0,0
0,0,0,0
0,0,0,0
0,0,0,0
0,0,0,0
0,0,0,0
0,0,0,0
0,0,0,0
0,0,0,0
0,0,0,0
0,0,0,0
0,0,0,0
0,0,0,0
0,0,0,0
0,0,0,0
0,0,0,0
0,0,0,0
0,0,0,0
0,0,0,0
0,0,0,0
0,0,0,0
0,0,0,0
0,0,0,0
0,0,0,0
0,0,0,0
0,0,0,0
0,0,0,0
0,0,0,0
0,0,0,0
0,0,0,0
0,0,0,0
0,0,0,0
0,0,0,0
0,0,0,0
0,0,0,0
0,0,0,0
0,0,0,0
0,0,0,0
0,0,0,0
0,0,0,0
0,0,0,0
0,0,0,0
0,0,0,0
0,0,0,0
0,0,0,0
0,0,0,0
0,0,0,0
0,0,0,0
0,0,0,0
0,0,0,0
0,0,0,0
0,0,0,0
0,0,0,0
0,0,0,0
0,0,0,0
0,0,0,0
0,0,0,0
0,0,0,0
0,0,0,0
0,0,0,0
0,0,0,0
0,0,0,0
0,0,0,0
0,0,0,0
0,0,0,0
0,0,0,0
0,0,0,0
0,0,0,0
0,0,0,0
0,0,0,0
0,0,0,0
0,0,0,0
0,0,0,0
0,0,0,0
0,0,0,0
0,0,0,0
0,0,0,0
0,0,0,0
0,0,0,0
0,0,0,0
0,0,0,0
0,0,0,0
0,0,0,0
0,0,0,0
0,0,0,0
0,0,0,0
0,0,0,0
0,0,0,0
0,0,0,0
0,0,0,0
0,0,0,0
0,0,0,0
0,0,0,0
0,0,0,0
0,0,0,0
0,0,0,0
0,0,0,0
0,0,0,0
0,0,0,0
0,0,0,0
0,0,0,0
0,0,0,0
0,0,0,0
0,0,0,0
0,0,0,0
0,0,0,0
0,0,0,0
0,0,0,0
0,0,0,0
0,0,0,0
0,0,0,0
0,0,0,0
0,0,0,0
0,0,0,0
0,0,0,0
0,0,0,0
0,0,0,0
0,0,0,0
0,0,0,0
0,0,0,0
0,0,0,0
0,0,0,0
0,0,0,0
0,0,0,0
0,0,0,0
0,0,0,0
0,0,0,0
0,0,0,0
0,0,0,0
0,0,0,0
0,0,0,0
0,0,0,0
0,0,0,0
0,0,0,0
0,0,0,0
0,0,0,0
0,0,0,0
0,0,0,0
0,0,0,0
0,0,0,0
0,0,0,0
0,0,0,0
0,0,0,0
0,0,0,0
0,0,0,0
0,0,0,0
0,0,0,0
0,0,0,0
0,0,0,0
0,0,0,0
0,0,0,0
0,0,0,0
0,0,0,0
0,0,0,0
0,0,0,0
0,0,0,0
0,0,0,0
0,0,0,0
0,0,0,0
0,0,0,0
